Process,Number,sample,Sample,run,concentration,abs,h,dilution,j,k,units,test,number,run_time,Notes,Site
RUNSTARTED,1658936475,7/27/2022 11:41,,,,,,,,,,,,,,
RESULT,-1,S1,Standard 1,0,0.005539,0.005539,0,0,0,0,mg/L,HCl PO4_1,1658937527,7/27/2022 11:58,,
RESULT,-2,S90,Standard 90,1,0.009831,0.009831,0,0,0,0,mg/L,HCl PO4_1,1658937608,7/27/2022 12:00,,
RESULT,-2,S91,Standard 91,2,0.016922,0.016922,0,0,0,0,mg/L,HCl PO4_1,1658937689,7/27/2022 12:01,,
RESULT,-2,S92,Standard 92,3,0.029143,0.029143,0,0,0,0,mg/L,HCl PO4_1,1658937770,7/27/2022 12:02,,
RESULT,-2,S93,Standard 93,4,0.065073,0.065073,0,0,0,0,mg/L,HCl PO4_1,1658937852,7/27/2022 12:04,,
RESULT,-2,S94,Standard 94,5,0.125953,0.125953,0,0,0,0,mg/L,HCl PO4_1,1658937932,7/27/2022 12:05,,
RESULT,-2,S95,Standard 95,6,0.183446,0.183446,0,0,0,0,mg/L,HCl PO4_1,1658938014,7/27/2022 12:06,,
RESULT,-2,S96,Standard 96,7,0.243554,0.243554,0,0,0,0,mg/L,HCl PO4_1,1658938095,7/27/2022 12:08,,
RESULT,-1,S0,Standard 0,8,0.005512,0.005512,0,0,0,0,mg/L,HCl PO4_1,1658938176,7/27/2022 12:09,,
CALIBRATION,HCl PO4_1,1658938176,7/27/2022 12:09,,,,,,,,,,,,,
RESULT,-3,C11,CCV,9,0.486568,0.121354,0,0,0,0,mg/L,HCl PO4_1,1658938257,7/27/2022 12:10,,
QCPRORESULT,NORMAL,0,1658938257,,,,,,,,,,,,,
QCPRODECISION,IN,1658938257,,,,,,,,,,,,,,
RESULT,-3,C12,CCB,10,0.001871,0.005834,0,0,0,0,mg/L,HCl PO4_1,1658938338,7/27/2022 12:12,,
QCPRORESULT,NORMAL,0,1658938338,,,,,,,,,,,,,
QCPRODECISION,IN,1658938338,,,,,,,,,,,,,,
RESULT,5,U1,C3SA-A-5-P,11,0.586234,0.145109,0,0,0,0,mg/L,HCl PO4_1,1658938419,7/27/2022 12:13,,
RESULT,6,U2,C3SB-B-1-P,12,0.249316,0.064809,0,0,0,0,mg/L,HCl PO4_1,1658938501,7/27/2022 12:15,,
RESULT,7,U3,C3B-A-2-P,13,0.144192,0.039754,0,0,0,0,mg/L,HCl PO4_1,1658938582,7/27/2022 12:16,,
RESULT,8,U4,C3SC-B-1-P,14,0.191398,0.051005,0,0,0,0,mg/L,HCl PO4_1,1658938663,7/27/2022 12:17,,
RESULT,9,U5,C3SA-A-3-P,15,0.434954,0.109053,0,0,0,0,mg/L,HCl PO4_1,1658938744,7/27/2022 12:19,,
RESULT,10,U6,C3A-D-5-P,16,0.160280,0.043589,0,0,0,0,mg/L,HCl PO4_1,1658938825,7/27/2022 12:20,,
RESULT,11,U7,C3SB-B-2-P,17,0.683705,0.168339,0,0,0,0,mg/L,HCl PO4_1,1658938906,7/27/2022 12:21,,
RESULT,12,U8,C3SB-B-3-P,18,0.229477,0.060081,0,0,0,0,mg/L,HCl PO4_1,1658938988,7/27/2022 12:23,,
RESULT,13,U9,C3SA-A-1-P,19,0.501754,0.124974,0,0,0,0,mg/L,HCl PO4_1,1658939068,7/27/2022 12:24,,
RESULT,14,U10,C3SA-A-4-P,20,0.190444,0.050778,0,0,0,0,mg/L,HCl PO4_1,1658939150,7/27/2022 12:25,,
RESULT,14,C13,Duplicate,21,0.194295,0.051695,0,0,0,0,mg/L,HCl PO4_1,1658939231,7/27/2022 12:27,,
QCPRORESULT,DUPLICATE,2.001766,1658939231,,,,,,,,,,,,,
QCPRODECISION,IN,1658939231,,,,,,,,,,,,,,
RESULT,14,C14,Auto Spike,22,0.706197,0.168845,0,0,0,0,mg/L,HCl PO4_1,1658939313,7/27/2022 12:28,,
QCPRORESULT,AUTO SPIKE,103.150505,1658939313,,,,,,,,,,,,,
QCPRODECISION,IN,1658939313,,,,,,,,,,,,,,
RESULT,-3,C11,CCV,23,0.486989,0.121455,0,0,0,0,mg/L,HCl PO4_1,1658939394,7/27/2022 12:29,,
QCPRORESULT,NORMAL,0,1658939394,,,,,,,,,,,,,
QCPRODECISION,IN,1658939394,,,,,,,,,,,,,,
RESULT,-3,C12,CCB,24,0.002489,0.005981,0,0,0,0,mg/L,HCl PO4_1,1658939476,7/27/2022 12:31,,
QCPRORESULT,NORMAL,0,1658939476,,,,,,,,,,,,,
QCPRODECISION,IN,1658939476,,,,,,,,,,,,,,
RESULT,15,U11,C3SC-C-4-P,25,0.672498,0.165668,0,0,0,0,mg/L,HCl PO4_1,1658939557,7/27/2022 12:32,,
RESULT,16,U12,C1SB-A-3-P,26,0.135459,0.037673,0,0,0,0,mg/L,HCl PO4_1,1658939639,7/27/2022 12:33,,
RESULT,17,U13,C3SC-C-5-P,27,0.171025,0.046149,0,0,0,0,mg/L,HCl PO4_1,1658939719,7/27/2022 12:35,,
RESULT,18,U14,C1SB-A-5-P,28,0.218951,0.057572,0,0,0,0,mg/L,HCl PO4_1,1658939801,7/27/2022 12:36,,
RESULT,19,U15,C3SC-C-3-P,29,0.289114,0.074294,0,0,0,0,mg/L,HCl PO4_1,1658939882,7/27/2022 12:38,,
RESULT,20,U16,C3SB-B-4-P,30,0.418656,0.105169,0,0,0,0,mg/L,HCl PO4_1,1658939963,7/27/2022 12:39,,
RESULT,21,U17,C1SB-A-4-P,31,0.140315,0.03883,0,0,0,0,mg/L,HCl PO4_1,1658940043,7/27/2022 12:40,,
RESULT,22,U18,C3A-D-2-P,32,0.160519,0.043646,0,0,0,0,mg/L,HCl PO4_1,1658940125,7/27/2022 12:42,,
RESULT,23,U19,C3C-C-1-P,33,0.447415,0.112023,0,0,0,0,mg/L,HCl PO4_1,1658940206,7/27/2022 12:43,,
RESULT,24,U20,C1SB-A-1-P,34,0.051977,0.017776,0,0,0,0,mg/L,HCl PO4_1,1658940287,7/27/2022 12:44,,
RESULT,24,C13,Duplicate,35,0.052240,0.017839,0,0,0,0,mg/L,HCl PO4_1,1658940368,7/27/2022 12:46,,
QCPRORESULT,DUPLICATE,0.504292,1658940368,,,,,,,,,,,,,
QCPRODECISION,IN,1658940368,,,,,,,,,,,,,,
RESULT,24,C14,Auto Spike,36,0.583650,0.14048,0,0,0,0,mg/L,HCl PO4_1,1658940449,7/27/2022 12:47,,
QCPRORESULT,AUTO SPIKE,106.334557,1658940449,,,,,,,,,,,,,
QCPRODECISION,IN,1658940449,,,,,,,,,,,,,,
RESULT,-3,C11,CCV,37,0.489655,0.12209,0,0,0,0,mg/L,HCl PO4_1,1658940531,7/27/2022 12:48,,
QCPRORESULT,NORMAL,0,1658940531,,,,,,,,,,,,,
QCPRODECISION,IN,1658940531,,,,,,,,,,,,,,
RESULT,-3,C12,CCB,38,0.001991,0.005863,0,0,0,0,mg/L,HCl PO4_1,1658940613,7/27/2022 12:50,,
QCPRORESULT,NORMAL,0,1658940613,,,,,,,,,,,,,
QCPRODECISION,IN,1658940613,,,,,,,,,,,,,,
RESULT,25,U21,C3SB-B-5-P,39,0.103897,0.030151,0,0,0,0,mg/L,HCl PO4_1,1658940695,7/27/2022 12:51,,
RESULT,26,U22,C3SC-C-1-P,40,0.091195,0.027123,0,0,0,0,mg/L,HCl PO4_1,1658940776,7/27/2022 12:52,,
RESULT,27,U23,C3SB-A-1-P,41,0.229270,0.060031,0,0,0,0,mg/L,HCl PO4_1,1658940857,7/27/2022 12:54,,
RESULT,28,U24,C3A-C-1-P,42,0.235402,0.061493,0,0,0,0,mg/L,HCl PO4_1,1658940938,7/27/2022 12:55,,
RESULT,29,U25,C3B-D-4-P,43,0.171350,0.046227,0,0,0,0,mg/L,HCl PO4_1,1658941020,7/27/2022 12:57,,
RESULT,30,U26,C3SC-C-2-P,44,0.323951,0.082597,0,0,0,0,mg/L,HCl PO4_1,1658941100,7/27/2022 12:58,,
RESULT,31,U27,C3A-A-4-P,45,0.107068,0.030906,0,0,0,0,mg/L,HCl PO4_1,1658941182,7/27/2022 12:59,,
RESULT,32,U28,C3SC-B-3-P,46,0.171062,0.046158,0,0,0,0,mg/L,HCl PO4_1,1658941263,7/27/2022 13:01,,
RESULT,33,U29,C3SA-B-5-P,47,0.224044,0.058786,0,0,0,0,mg/L,HCl PO4_1,1658941344,7/27/2022 13:02,,
RESULT,34,U30,C3SC-B-4-P,48,0.475549,0.118728,0,0,0,0,mg/L,HCl PO4_1,1658941424,7/27/2022 13:03,,
RESULT,34,C13,Duplicate,49,0.482995,0.120503,0,0,0,0,mg/L,HCl PO4_1,1658941506,7/27/2022 13:05,,
QCPRORESULT,DUPLICATE,1.553624,1658941506,,,,,,,,,,,,,
QCPRODECISION,IN,1658941506,,,,,,,,,,,,,,
RESULT,34,C14,Auto Spike,50,0.956674,0.22682,0,0,0,0,mg/L,HCl PO4_1,1658941587,7/27/2022 13:06,,
QCPRORESULT,AUTO SPIKE,96.225021,1658941587,,,,,,,,,,,,,
QCPRODECISION,IN,1658941587,,,,,,,,,,,,,,
RESULT,-3,C11,CCV,51,0.488197,0.121743,0,0,0,0,mg/L,HCl PO4_1,1658941670,7/27/2022 13:07,,
QCPRORESULT,NORMAL,0,1658941670,,,,,,,,,,,,,
QCPRODECISION,IN,1658941670,,,,,,,,,,,,,,
RESULT,-3,C12,CCB,52,0.002138,0.005898,0,0,0,0,mg/L,HCl PO4_1,1658941753,7/27/2022 13:09,,
QCPRORESULT,NORMAL,0,1658941753,,,,,,,,,,,,,
QCPRODECISION,IN,1658941753,,,,,,,,,,,,,,
RESULT,35,U31,C3A-A-4-P,53,0.115779,0.032982,0,0,0,0,mg/L,HCl PO4_1,1658941834,7/27/2022 13:10,,
RESULT,36,U32,C1A-A-5-P,54,0.189650,0.050588,0,0,0,0,mg/L,HCl PO4_1,1658941916,7/27/2022 13:11,,
RESULT,37,U33,C3SC-B-2-P,55,0.188239,0.050252,0,0,0,0,mg/L,HCl PO4_1,1658941997,7/27/2022 13:13,,
RESULT,38,U34,C3B-D-3-P,56,0.108949,0.031355,0,0,0,0,mg/L,HCl PO4_1,1658942078,7/27/2022 13:14,,
RESULT,39,U35,C3SA-B-1-P,57,0.349979,0.088801,0,0,0,0,mg/L,HCl PO4_1,1658942159,7/27/2022 13:15,,
RESULT,40,U36,C1A-A-1-P,58,0.122557,0.034598,0,0,0,0,mg/L,HCl PO4_1,1658942240,7/27/2022 13:17,,
RESULT,41,U37,C3C-C-3-P,59,0.186987,0.049954,0,0,0,0,mg/L,HCl PO4_1,1658942321,7/27/2022 13:18,,
RESULT,42,U38,C3A-A-3-P,60,0.091933,0.027299,0,0,0,0,mg/L,HCl PO4_1,1658942402,7/27/2022 13:20,,
RESULT,43,U39,C3SB-D-1-P,61,0.589496,0.145886,0,0,0,0,mg/L,HCl PO4_1,1658942483,7/27/2022 13:21,,
RESULT,44,U40,C3SB-D-2-P,62,0.363840,0.092104,0,0,0,0,mg/L,HCl PO4_1,1658942565,7/27/2022 13:22,,
RESULT,44,C13,Duplicate,63,0.364156,0.092179,0,0,0,0,mg/L,HCl PO4_1,1658942645,7/27/2022 13:24,,
QCPRORESULT,DUPLICATE,0.086763,1658942645,,,,,,,,,,,,,
QCPRODECISION,IN,1658942645,,,,,,,,,,,,,,
RESULT,44,C14,Auto Spike,64,0.857272,0.203813,0,0,0,0,mg/L,HCl PO4_1,1658942727,7/27/2022 13:25,,
QCPRORESULT,AUTO SPIKE,98.686455,1658942727,,,,,,,,,,,,,
QCPRODECISION,IN,1658942727,,,,,,,,,,,,,,
RESULT,-3,C11,CCV,65,0.488398,0.121791,0,0,0,0,mg/L,HCl PO4_1,1658942811,7/27/2022 13:26,,
QCPRORESULT,NORMAL,0,1658942811,,,,,,,,,,,,,
QCPRODECISION,IN,1658942811,,,,,,,,,,,,,,
RESULT,-3,C12,CCB,66,0.002206,0.005914,0,0,0,0,mg/L,HCl PO4_1,1658942893,7/27/2022 13:28,,
QCPRORESULT,NORMAL,0,1658942893,,,,,,,,,,,,,
QCPRODECISION,IN,1658942893,,,,,,,,,,,,,,
RESULT,45,U41,C3SB-D-5-P,67,0.099432,0.029086,0,0,0,0,mg/L,HCl PO4_1,1658942975,7/27/2022 13:29,,
RESULT,46,U42,C3SA-B-3-P,68,0.116468,0.033147,0,0,0,0,mg/L,HCl PO4_1,1658943056,7/27/2022 13:30,,
RESULT,47,U43,C3B-D-2-P,69,0.395056,0.099544,0,0,0,0,mg/L,HCl PO4_1,1658943137,7/27/2022 13:32,,
RESULT,48,U44,C3A-A-1-P,70,0.414349,0.104142,0,0,0,0,mg/L,HCl PO4_1,1658943217,7/27/2022 13:33,,
RESULT,49,U45,C3A-C-3-P,71,0.139109,0.038543,0,0,0,0,mg/L,HCl PO4_1,1658943254,7/27/2022 13:34,,
RESULT,50,U46,C3C-A-1-P,72,0.088593,0.026503,0,0,0,0,mg/L,HCl PO4_1,1658943335,7/27/2022 13:35,,
RESULT,51,U47,C3A-C-2-P,73,0.288503,0.074149,0,0,0,0,mg/L,HCl PO4_1,1658943414,7/27/2022 13:36,,
RESULT,52,U48,C1SB-C-3-P,74,1.209591,0.293677,0,0,0,19,mg/L,HCl PO4_1,1658943494,7/27/2022 13:38,,
AUTODILUTION,APPROVED,1658943494,,,,,,,,,,,,,,
AUTODILUTION,ADDED,1658943494,,,,,,,,,,,,,,
RESULT,53,U49,C3B-D-5-P,75,0.059125,0.01948,0,0,0,0,mg/L,HCl PO4_1,1658943574,7/27/2022 13:39,,
RESULT,-3,C11,CCV,76,0.479734,0.119726,0,0,0,0,mg/L,HCl PO4_1,1658943654,7/27/2022 13:40,,
QCPRORESULT,NORMAL,0,1658943654,,,,,,,,,,,,,
QCPRODECISION,IN,1658943654,,,,,,,,,,,,,,
RESULT,-3,C12,CCB,77,0.002773,0.006049,0,0,0,0,mg/L,HCl PO4_1,1658943734,7/27/2022 13:42,,
QCPRORESULT,NORMAL,0,1658943734,,,,,,,,,,,,,
QCPRODECISION,IN,1658943734,,,,,,,,,,,,,,
RESULT,52,U48,C1SB-C-3-P,74,1.240707,0.15324,0,2,0,0,mg/L,HCl PO4_1,1658944734,7/27/2022 13:58,,
RUNENDED,1658944815,COMPLETE,,,,,,,,,,,,,,
RUNSTARTED,1658948214,7/27/2022 14:56,,,,,,,,,,,,,,
RESULT,-1,S1,Standard 1,0,0.005531,0.005531,0,0,0,0,mg/L,HCl PO4_1,1658949295,7/27/2022 15:14,,
RESULT,-2,S90,Standard 90,1,0.010762,0.010762,0,0,0,0,mg/L,HCl PO4_1,1658949376,7/27/2022 15:16,,
RESULT,-2,S91,Standard 91,2,0.017071,0.017071,0,0,0,0,mg/L,HCl PO4_1,1658949457,7/27/2022 15:17,,
RESULT,-2,S92,Standard 92,3,0.028899,0.028899,0,0,0,0,mg/L,HCl PO4_1,1658949539,7/27/2022 15:18,,
RESULT,-2,S93,Standard 93,4,0.065028,0.065028,0,0,0,0,mg/L,HCl PO4_1,1658949620,7/27/2022 15:20,,
RESULT,-2,S94,Standard 94,5,0.124167,0.124167,0,0,0,0,mg/L,HCl PO4_1,1658949701,7/27/2022 15:21,,
RESULT,-2,S95,Standard 95,6,0.186108,0.186108,0,0,0,0,mg/L,HCl PO4_1,1658949782,7/27/2022 15:23,,
RESULT,-2,S96,Standard 96,7,0.238499,0.238499,0,0,0,0,mg/L,HCl PO4_1,1658949863,7/27/2022 15:24,,
RESULT,-1,S0,Standard 0,8,0.005836,0.005836,0,0,0,0,mg/L,HCl PO4_1,1658949945,7/27/2022 15:25,,
CALIBRATION,HCl PO4_1,1658949945,7/27/2022 15:25,,,,,,,,,,,,,
RESULT,-3,C11,CCV,9,0.490604,0.121447,0,0,0,0,mg/L,HCl PO4_1,1658950025,7/27/2022 15:27,,
QCPRORESULT,NORMAL,0,1658950025,,,,,,,,,,,,,
QCPRODECISION,IN,1658950025,,,,,,,,,,,,,,
RESULT,-3,C12,CCB,10,0.000075,0.005928,0,0,0,0,mg/L,HCl PO4_1,1658950107,7/27/2022 15:28,,
QCPRORESULT,NORMAL,0,1658950107,,,,,,,,,,,,,
QCPRODECISION,IN,1658950107,,,,,,,,,,,,,,
RESULT,5,U1,C1A-D-4-P,11,0.521139,0.128638,0,0,0,0,mg/L,HCl PO4_1,1658950188,7/27/2022 15:29,,
RESULT,6,U2,C1A-D-1-P,12,0.213739,0.056245,0,0,0,0,mg/L,HCl PO4_1,1658950269,7/27/2022 15:31,,
RESULT,7,U3,C3SC-A-2-P,13,0.122869,0.034846,0,0,0,0,mg/L,HCl PO4_1,1658950350,7/27/2022 15:32,,
RESULT,8,U4,C3B-A-5-P,14,0.199606,0.052917,0,0,0,0,mg/L,HCl PO4_1,1658950432,7/27/2022 15:33,,
RESULT,9,U5,C3B-B-1-P,15,0.181816,0.048728,0,0,0,0,mg/L,HCl PO4_1,1658950512,7/27/2022 15:35,,
RESULT,10,U6,C1A-D-3-P,16,0.134988,0.0377,0,0,0,0,mg/L,HCl PO4_1,1658950594,7/27/2022 15:36,,
RESULT,11,U7,C1A-A-2-P,17,0.096259,0.028579,0,0,0,0,mg/L,HCl PO4_1,1658950675,7/27/2022 15:37,,
RESULT,12,U8,C3SB-A-5-P,18,0.091226,0.027394,0,0,0,0,mg/L,HCl PO4_1,1658950756,7/27/2022 15:39,,
RESULT,13,U9,C3SC-A-5-P,19,0.196974,0.052297,0,0,0,0,mg/L,HCl PO4_1,1658950837,7/27/2022 15:40,,
RESULT,14,U10,C3SC-A-1-P,20,0.391062,0.098005,0,0,0,0,mg/L,HCl PO4_1,1658950918,7/27/2022 15:41,,
RESULT,14,C13,Duplicate,21,0.392431,0.098327,0,0,0,0,mg/L,HCl PO4_1,1658950999,7/27/2022 15:43,,
QCPRORESULT,DUPLICATE,0.349445,1658950999,,,,,,,,,,,,,
QCPRODECISION,IN,1658950999,,,,,,,,,,,,,,
RESULT,14,C14,Auto Spike,22,0.906984,0.213343,0,0,0,0,mg/L,HCl PO4_1,1658951081,7/27/2022 15:44,,
QCPRORESULT,AUTO SPIKE,103.184387,1658951081,,,,,,,,,,,,,
QCPRODECISION,IN,1658951081,,,,,,,,,,,,,,
RESULT,-3,C11,CCV,23,0.490327,0.121382,0,0,0,0,mg/L,HCl PO4_1,1658951162,7/27/2022 15:46,,
QCPRORESULT,NORMAL,0,1658951162,,,,,,,,,,,,,
QCPRODECISION,IN,1658951162,,,,,,,,,,,,,,
RESULT,-3,C12,CCB,24,0.000537,0.006037,0,0,0,0,mg/L,HCl PO4_1,1658951244,7/27/2022 15:47,,
QCPRORESULT,NORMAL,0,1658951244,,,,,,,,,,,,,
QCPRODECISION,IN,1658951244,,,,,,,,,,,,,,
RESULT,15,U11,C1SB-A-2-P,25,0.193122,0.05139,0,0,0,0,mg/L,HCl PO4_1,1658951326,7/27/2022 15:48,,
RESULT,16,U12,C3C-A-4-P,26,0.219065,0.0575,0,0,0,0,mg/L,HCl PO4_1,1658951407,7/27/2022 15:50,,
RESULT,17,U13,C1SB-C-4-P,27,0.225361,0.058982,0,0,0,0,mg/L,HCl PO4_1,1658951488,7/27/2022 15:51,,
RESULT,18,U14,C3C-C-5-P,28,0.240858,0.062632,0,0,0,0,mg/L,HCl PO4_1,1658951569,7/27/2022 15:52,,
RESULT,19,U15,C3B-A-1-P,29,0.072695,0.02303,0,0,0,0,mg/L,HCl PO4_1,1658951650,7/27/2022 15:54,,
RESULT,20,U16,C1SB-C-2-P,30,0.165462,0.044876,0,0,0,0,mg/L,HCl PO4_1,1658951731,7/27/2022 15:55,,
RESULT,21,U17,C3A-D-3-P,31,0.092898,0.027788,0,0,0,0,mg/L,HCl PO4_1,1658951812,7/27/2022 15:56,,
RESULT,22,U18,C3SB-D-3-P,32,0.155949,0.042636,0,0,0,0,mg/L,HCl PO4_1,1658951894,7/27/2022 15:58,,
RESULT,23,U19,C3C-A-2-P,33,0.267373,0.068876,0,0,0,0,mg/L,HCl PO4_1,1658951974,7/27/2022 15:59,,
RESULT,24,U20,C3SB-A-2-P,34,0.262109,0.067637,0,0,0,0,mg/L,HCl PO4_1,1658952056,7/27/2022 16:00,,
RESULT,24,C13,Duplicate,35,0.267711,0.068956,0,0,0,0,mg/L,HCl PO4_1,1658952137,7/27/2022 16:02,,
QCPRORESULT,DUPLICATE,2.114671,1658952137,,,,,,,,,,,,,
QCPRODECISION,IN,1658952137,,,,,,,,,,,,,,
RESULT,24,C14,Auto Spike,36,0.776970,0.183608,0,0,0,0,mg/L,HCl PO4_1,1658952218,7/27/2022 16:03,,
QCPRORESULT,AUTO SPIKE,102.972206,1658952218,,,,,,,,,,,,,
QCPRODECISION,IN,1658952218,,,,,,,,,,,,,,
RESULT,-3,C11,CCV,37,0.494717,0.122416,0,0,0,0,mg/L,HCl PO4_1,1658952299,7/27/2022 16:04,,
QCPRORESULT,NORMAL,0,1658952299,,,,,,,,,,,,,
QCPRODECISION,IN,1658952299,,,,,,,,,,,,,,
RESULT,-3,C12,CCB,38,0.001257,0.006206,0,0,0,0,mg/L,HCl PO4_1,1658952381,7/27/2022 16:06,,
QCPRORESULT,NORMAL,0,1658952381,,,,,,,,,,,,,
QCPRODECISION,IN,1658952381,,,,,,,,,,,,,,
RESULT,25,U21,C1A-D-5-P,39,0.186083,0.049733,0,0,0,0,mg/L,HCl PO4_1,1658952464,7/27/2022 16:07,,
RESULT,26,U22,C3SB-A-4-P,40,0.079509,0.024634,0,0,0,0,mg/L,HCl PO4_1,1658952545,7/27/2022 16:09,,
RESULT,27,U23,C3SB-D-4-P,41,0.123389,0.034968,0,0,0,0,mg/L,HCl PO4_1,1658952626,7/27/2022 16:10,,
RESULT,28,U24,C3SA-A-2-P,42,0.540874,0.133286,0,0,0,0,mg/L,HCl PO4_1,1658952707,7/27/2022 16:11,,
RESULT,29,U25,C3A-C-4-P,43,0.055424,0.018963,0,0,0,0,mg/L,HCl PO4_1,1658952788,7/27/2022 16:13,,
RESULT,30,U26,C3A-B-3-P,44,0.066409,0.021549,0,0,0,0,mg/L,HCl PO4_1,1658952869,7/27/2022 16:14,,
RESULT,31,U27,C3C-C-4-P,45,0.059620,0.01995,0,0,0,0,mg/L,HCl PO4_1,1658952950,7/27/2022 16:15,,
RESULT,32,U28,C3C-A-5-P,46,0.129655,0.036444,0,0,0,0,mg/L,HCl PO4_1,1658953031,7/27/2022 16:17,,
RESULT,33,U29,C3A-B-1-P,47,0.073700,0.023266,0,0,0,0,mg/L,HCl PO4_1,1658953112,7/27/2022 16:18,,
RESULT,34,U30,C1A-D-2-P,48,0.122263,0.034703,0,0,0,0,mg/L,HCl PO4_1,1658953193,7/27/2022 16:19,,
RESULT,34,C13,Duplicate,49,0.123839,0.035074,0,0,0,0,mg/L,HCl PO4_1,1658953274,7/27/2022 16:21,,
QCPRORESULT,DUPLICATE,1.28064,1658953274,,,,,,,,,,,,,
QCPRODECISION,IN,1658953274,,,,,,,,,,,,,,
RESULT,34,C14,Auto Spike,50,0.635817,0.151325,0,0,0,0,mg/L,HCl PO4_1,1658953356,7/27/2022 16:22,,
QCPRORESULT,AUTO SPIKE,102.710716,1658953356,,,,,,,,,,,,,
QCPRODECISION,IN,1658953356,,,,,,,,,,,,,,
RESULT,-3,C11,CCV,51,0.490578,0.121441,0,0,0,0,mg/L,HCl PO4_1,1658953438,7/27/2022 16:23,,
QCPRORESULT,NORMAL,0,1658953438,,,,,,,,,,,,,
QCPRODECISION,IN,1658953438,,,,,,,,,,,,,,
RESULT,-3,C12,CCB,52,0.000758,0.006089,0,0,0,0,mg/L,HCl PO4_1,1658953521,7/27/2022 16:25,,
QCPRORESULT,NORMAL,0,1658953521,,,,,,,,,,,,,
QCPRODECISION,IN,1658953521,,,,,,,,,,,,,,
RESULT,35,U31,C3A-B-2-P,53,0.164269,0.044595,0,0,0,0,mg/L,HCl PO4_1,1658953603,7/27/2022 16:26,,
RESULT,36,U32,C3B-A-4-P,54,0.084371,0.02578,0,0,0,0,mg/L,HCl PO4_1,1658953685,7/27/2022 16:28,,
RESULT,37,U33,C3SC-A-4-P,55,0.154435,0.042279,0,0,0,0,mg/L,HCl PO4_1,1658953765,7/27/2022 16:29,,
RESULT,38,U34,C3SC-A-3-P,56,0.153597,0.042082,0,0,0,0,mg/L,HCl PO4_1,1658953847,7/27/2022 16:30,,
RESULT,39,U35,C1A-A-4-P,57,0.195163,0.051871,0,0,0,0,mg/L,HCl PO4_1,1658953928,7/27/2022 16:32,,
RESULT,40,U36,C3SB-A-3-P,58,0.184095,0.049264,0,0,0,0,mg/L,HCl PO4_1,1658954009,7/27/2022 16:33,,
RESULT,41,U37,C3B-A-3-P,59,0.150479,0.041348,0,0,0,0,mg/L,HCl PO4_1,1658954089,7/27/2022 16:34,,
RESULT,42,U38,C3A-B-5-P,60,0.298720,0.076258,0,0,0,0,mg/L,HCl PO4_1,1658954171,7/27/2022 16:36,,
RESULT,43,U39,C3B-B-2-P,61,0.056379,0.019187,0,0,0,0,mg/L,HCl PO4_1,1658954252,7/27/2022 16:37,,
RESULT,44,U40,C1A-A-3-P,62,0.119229,0.033989,0,0,0,0,mg/L,HCl PO4_1,1658954333,7/27/2022 16:38,,
RESULT,44,C13,Duplicate,63,0.119657,0.034089,0,0,0,0,mg/L,HCl PO4_1,1658954414,7/27/2022 16:40,,
QCPRORESULT,DUPLICATE,0.357804,1658954414,,,,,,,,,,,,,
QCPRODECISION,IN,1658954414,,,,,,,,,,,,,,
RESULT,44,C14,Auto Spike,64,0.629017,0.14977,0,0,0,0,mg/L,HCl PO4_1,1658954496,7/27/2022 16:41,,
QCPRORESULT,AUTO SPIKE,101.957451,1658954496,,,,,,,,,,,,,
QCPRODECISION,IN,1658954496,,,,,,,,,,,,,,
RESULT,-3,C11,CCV,65,0.499646,0.123576,0,0,0,0,mg/L,HCl PO4_1,1658954579,7/27/2022 16:42,,
QCPRORESULT,NORMAL,0,1658954579,,,,,,,,,,,,,
QCPRODECISION,IN,1658954579,,,,,,,,,,,,,,
RESULT,-3,C12,CCB,66,0.000576,0.006046,0,0,0,0,mg/L,HCl PO4_1,1658954661,7/27/2022 16:44,,
QCPRORESULT,NORMAL,0,1658954661,,,,,,,,,,,,,
QCPRODECISION,IN,1658954661,,,,,,,,,,,,,,
RESULT,45,U41,C3A-B-4-P,67,0.158661,0.043275,0,0,0,0,mg/L,HCl PO4_1,1658954743,7/27/2022 16:45,,
RESULT,46,U42,C3SA-D-4-P,68,0.923293,0.223345,0,0,0,0,mg/L,HCl PO4_1,1658954824,7/27/2022 16:47,,
RESULT,47,U43,C3SA-D-3-P,69,0.122652,0.034795,0,0,0,0,mg/L,HCl PO4_1,1658954905,7/27/2022 16:48,,
RESULT,48,U44,C3SA-D-2-P,70,0.095823,0.028476,0,0,0,0,mg/L,HCl PO4_1,1658954986,7/27/2022 16:49,,
RESULT,49,U45,C3SA-D-1-P,71,0.030974,0.013204,0,0,0,0,mg/L,HCl PO4_1,1658955022,7/27/2022 16:50,,
RESULT,50,U46,C1SB-B-5-P,72,0.197291,0.052372,0,0,0,0,mg/L,HCl PO4_1,1658955103,7/27/2022 16:51,,
RESULT,51,U47,C1SB-B-3-P,73,0.258047,0.06668,0,0,0,0,mg/L,HCl PO4_1,1658955183,7/27/2022 16:53,,
RESULT,52,U48,C1SB-B-4-P,74,0.160091,0.043611,0,0,0,0,mg/L,HCl PO4_1,1658955263,7/27/2022 16:54,,
RESULT,53,U49,C1SB-B-2-P,75,0.175640,0.047273,0,0,0,0,mg/L,HCl PO4_1,1658955343,7/27/2022 16:55,,
RESULT,-3,C11,CCV,76,0.491042,0.12155,0,0,0,0,mg/L,HCl PO4_1,1658955423,7/27/2022 16:57,,
QCPRORESULT,NORMAL,0,1658955423,,,,,,,,,,,,,
QCPRODECISION,IN,1658955423,,,,,,,,,,,,,,
RESULT,-3,C12,CCB,77,0.000271,0.005974,0,0,0,0,mg/L,HCl PO4_1,1658955503,7/27/2022 16:58,,
QCPRORESULT,NORMAL,0,1658955503,,,,,,,,,,,,,
QCPRODECISION,IN,1658955503,,,,,,,,,,,,,,
RUNENDED,1658955584,COMPLETE,,,,,,,,,,,,,,
RUNSTARTED,1659018460,7/28/2022 10:27,,,,,,,,,,,,,,
RESULT,-1,S1,Standard 1,0,0.005195,0.005195,0,0,0,0,mg/L,HCl PO4_1,1659019477,7/28/2022 10:44,,
RESULT,-2,S90,Standard 90,1,0.009187,0.009187,0,0,0,0,mg/L,HCl PO4_1,1659019558,7/28/2022 10:45,,
RESULT,-2,S91,Standard 91,2,0.016317,0.016317,0,0,0,0,mg/L,HCl PO4_1,1659019639,7/28/2022 10:47,,
RESULT,-2,S92,Standard 92,3,0.028176,0.028176,0,0,0,0,mg/L,HCl PO4_1,1659019719,7/28/2022 10:48,,
RESULT,-2,S93,Standard 93,4,0.063413,0.063413,0,0,0,0,mg/L,HCl PO4_1,1659019801,7/28/2022 10:50,,
RESULT,-2,S94,Standard 94,5,0.123855,0.123855,0,0,0,0,mg/L,HCl PO4_1,1659019882,7/28/2022 10:51,,
RESULT,-2,S95,Standard 95,6,0.182380,0.18238,0,0,0,0,mg/L,HCl PO4_1,1659019963,7/28/2022 10:52,,
RESULT,-2,S96,Standard 96,7,0.241526,0.241526,0,0,0,0,mg/L,HCl PO4_1,1659020044,7/28/2022 10:54,,
RESULT,-1,S0,Standard 0,8,0.005353,0.005353,0,0,0,0,mg/L,HCl PO4_1,1659020125,7/28/2022 10:55,,
CALIBRATION,HCl PO4_1,1659020125,7/28/2022 10:55,,,,,,,,,,,,,
RESULT,-3,C11,CCV,9,0.490411,0.120891,0,0,0,0,mg/L,HCl PO4_1,1659020206,7/28/2022 10:56,,
QCPRORESULT,NORMAL,0,1659020206,,,,,,,,,,,,,
QCPRODECISION,IN,1659020206,,,,,,,,,,,,,,
RESULT,-3,C12,CCB,10,0.002114,0.005145,0,0,0,0,mg/L,HCl PO4_1,1659020288,7/28/2022 10:58,,
QCPRORESULT,NORMAL,0,1659020288,,,,,,,,,,,,,
QCPRODECISION,IN,1659020288,,,,,,,,,,,,,,
RESULT,5,U1,C3A-C-5-P,11,0.121000,0.033326,0,0,0,0,mg/L,HCl PO4_1,1659020369,7/28/2022 10:59,,
RESULT,6,U2,C3A-D-1-P,12,0.333106,0.083604,0,0,0,0,mg/L,HCl PO4_1,1659020450,7/28/2022 11:00,,
RESULT,7,U3,C3SC-B-5-P,13,0.893658,0.216477,0,0,0,0,mg/L,HCl PO4_1,1659020531,7/28/2022 11:02,,
RESULT,8,U4,C1SB-C-5-P,14,0.166888,0.044203,0,0,0,0,mg/L,HCl PO4_1,1659020612,7/28/2022 11:03,,
RESULT,9,U5,C3C-B-5-P,15,0.424178,0.105191,0,0,0,0,mg/L,HCl PO4_1,1659020693,7/28/2022 11:04,,
RESULT,10,U6,C3SA-D-5-P,16,0.179166,0.047114,0,0,0,0,mg/L,HCl PO4_1,1659020775,7/28/2022 11:06,,
RESULT,11,U7,C3SA-B-4-P,17,0.167619,0.044376,0,0,0,0,mg/L,HCl PO4_1,1659020855,7/28/2022 11:07,,
RESULT,12,U8,C3SB-C-1-P,18,0.364894,0.091139,0,0,0,0,mg/L,HCl PO4_1,1659020937,7/28/2022 11:08,,
RESULT,13,U9,C1SB-D-5-P,19,0.242408,0.062105,0,0,0,0,mg/L,HCl PO4_1,1659021018,7/28/2022 11:10,,
RESULT,14,U10,C1SB-D-2-P,20,0.853487,0.206955,0,0,0,0,mg/L,HCl PO4_1,1659021099,7/28/2022 11:11,,
RESULT,14,C13,Duplicate,21,0.863169,0.20925,0,0,0,0,mg/L,HCl PO4_1,1659021180,7/28/2022 11:13,,
QCPRORESULT,DUPLICATE,1.12809,1659021180,,,,,,,,,,,,,
QCPRODECISION,IN,1659021180,,,,,,,,,,,,,,
RESULT,14,C14,Auto Spike,22,1.306672,0.305444,0,0,0,0,mg/L,HCl PO4_1,1659021262,7/28/2022 11:14,,
QCPRORESULT,AUTO SPIKE,90.636986,1659021262,,,,,,,,,,,,,
QCPRODECISION,IN,1659021262,,,,,,,,,,,,,,
AUTODILUTION,APPROVED,1659021262,,,,,,,,,,,,,,
AUTODILUTION,ADDED,1659021262,,,,,,,,,,,,,,
RESULT,-3,C11,CCV,23,0.485026,0.119615,0,0,0,0,mg/L,HCl PO4_1,1659021343,7/28/2022 11:15,,
QCPRORESULT,NORMAL,0,1659021343,,,,,,,,,,,,,
QCPRODECISION,IN,1659021343,,,,,,,,,,,,,,
RESULT,-3,C12,CCB,24,0.003088,0.005376,0,0,0,0,mg/L,HCl PO4_1,1659021425,7/28/2022 11:17,,
QCPRORESULT,NORMAL,0,1659021425,,,,,,,,,,,,,
QCPRODECISION,IN,1659021425,,,,,,,,,,,,,,
RESULT,15,U11,C3A-D-4-P,25,0.281302,0.071324,0,0,0,0,mg/L,HCl PO4_1,1659021506,7/28/2022 11:18,,
RESULT,16,U12,C1SB-D-3-P,26,0.117871,0.032584,0,0,0,0,mg/L,HCl PO4_1,1659021588,7/28/2022 11:19,,
RESULT,17,U13,C3A-A-2-P,27,0.198526,0.051703,0,0,0,0,mg/L,HCl PO4_1,1659021668,7/28/2022 11:21,,
RESULT,18,U14,C3C-D-3-P,28,0.336201,0.084337,0,0,0,0,mg/L,HCl PO4_1,1659021750,7/28/2022 11:22,,
RESULT,19,U15,C3C-D-1-P,29,0.100526,0.028473,0,0,0,0,mg/L,HCl PO4_1,1659021830,7/28/2022 11:23,,
RESULT,20,U16,C3SC-D-2-P,30,0.081249,0.023903,0,0,0,0,mg/L,HCl PO4_1,1659021912,7/28/2022 11:25,,
RESULT,21,U17,C3SC-D-4-P,31,0.169390,0.044796,0,0,0,0,mg/L,HCl PO4_1,1659021992,7/28/2022 11:26,,
RESULT,22,U18,C1SB-D-4-P,32,0.253508,0.064736,0,0,0,0,mg/L,HCl PO4_1,1659022074,7/28/2022 11:27,,
RESULT,23,U19,C3SA-B-2-P,33,0.146917,0.039469,0,0,0,0,mg/L,HCl PO4_1,1659022155,7/28/2022 11:29,,
RESULT,24,U20,C1SB-B-1-P,34,0.171746,0.045355,0,0,0,0,mg/L,HCl PO4_1,1659022236,7/28/2022 11:30,,
RESULT,24,C13,Duplicate,35,0.172154,0.045451,0,0,0,0,mg/L,HCl PO4_1,1659022317,7/28/2022 11:31,,
QCPRORESULT,DUPLICATE,0.236807,1659022317,,,,,,,,,,,,,
QCPRODECISION,IN,1659022317,,,,,,,,,,,,,,
RESULT,24,C14,Auto Spike,36,0.679713,0.161116,0,0,0,0,mg/L,HCl PO4_1,1659022399,7/28/2022 11:33,,
QCPRORESULT,AUTO SPIKE,101.593361,1659022399,,,,,,,,,,,,,
QCPRODECISION,IN,1659022399,,,,,,,,,,,,,,
RESULT,-3,C11,CCV,37,0.487360,0.120168,0,0,0,0,mg/L,HCl PO4_1,1659022480,7/28/2022 11:34,,
QCPRORESULT,NORMAL,0,1659022480,,,,,,,,,,,,,
QCPRODECISION,IN,1659022480,,,,,,,,,,,,,,
RESULT,-3,C12,CCB,38,0.002696,0.005283,0,0,0,0,mg/L,HCl PO4_1,1659022517,7/28/2022 11:35,,
QCPRORESULT,NORMAL,0,1659022517,,,,,,,,,,,,,
QCPRODECISION,IN,1659022517,,,,,,,,,,,,,,
RESULT,25,U21,C1A-C-2-P,39,0.168787,0.044653,0,0,0,0,mg/L,HCl PO4_1,1659022598,7/28/2022 11:36,,
RESULT,26,U22,C3SB-C-3-P,40,0.214937,0.055593,0,0,0,0,mg/L,HCl PO4_1,1659022678,7/28/2022 11:37,,
RESULT,27,U23,C1A-C-1-P,41,1.865704,0.446892,0,0,0,19,mg/L,HCl PO4_1,1659022758,7/28/2022 11:39,,
AUTODILUTION,APPROVED,1659022759,,,,,,,,,,,,,,
AUTODILUTION,ADDED,1659022759,,,,,,,,,,,,,,
RESULT,28,U24,C3B-C-1-P,42,0.421984,0.104671,0,0,0,0,mg/L,HCl PO4_1,1659022838,7/28/2022 11:40,,
RESULT,-3,C11,CCV,43,0.490238,0.12085,0,0,0,0,mg/L,HCl PO4_1,1659022918,7/28/2022 11:41,,
QCPRORESULT,NORMAL,0,1659022918,,,,,,,,,,,,,
QCPRODECISION,IN,1659022918,,,,,,,,,,,,,,
RESULT,-3,C12,CCB,44,0.004381,0.005682,0,0,0,0,mg/L,HCl PO4_1,1659022998,7/28/2022 11:43,,
QCPRORESULT,NORMAL,0,1659022998,,,,,,,,,,,,,
QCPRODECISION,IN,1659022998,,,,,,,,,,,,,,
RESULT,14,U10,C1SB-D-2-P,20,0.863308,0.106964,0,2,0,0,mg/L,HCl PO4_1,1659024011,7/28/2022 12:00,,
RESULT,14,C13,Duplicate,21,0.858982,0.106451,0,2,0,0,mg/L,HCl PO4_1,1659024091,7/28/2022 12:01,,
QCPRORESULT,DUPLICATE,0.502415,1659024091,,,,,,,,,,,,,
QCPRODECISION,IN,1659024091,,,,,,,,,,,,,,
RESULT,14,C14,Auto Spike,22,1.390079,0.225276,0,2,0,0,mg/L,HCl PO4_1,1659024171,7/28/2022 12:02,,
QCPRORESULT,AUTO SPIKE,105.354164,1659024171,,,,,,,,,,,,,
QCPRODECISION,IN,1659024171,,,,,,,,,,,,,,
RESULT,27,U23,C1A-C-1-P,41,2.026759,0.244856,0,2,0,19,mg/L,HCl PO4_1,1659024251,7/28/2022 12:04,,
AUTODILUTION,APPROVED,1659024251,,,,,,,,,,,,,,
AUTODILUTION,ADDED,1659024251,,,,,,,,,,,,,,
RESULT,27,U23,C1A-C-1-P,41,2.068041,0.127196,0,4,0,0,mg/L,HCl PO4_1,1659025251,7/28/2022 12:20,,
RUNENDED,1659025332,COMPLETE,,,,,,,,,,,,,,
RUNSTARTED,1659025624,7/28/2022 12:27,,,,,,,,,,,,,,
RESULT,-1,S1,Standard 1,0,0.005329,0.005329,0,0,0,0,mg/L,HCl PO4_1,1659026675,7/28/2022 12:44,,
RESULT,-2,S90,Standard 90,1,0.009147,0.009147,0,0,0,0,mg/L,HCl PO4_1,1659026756,7/28/2022 12:45,,
RESULT,-2,S91,Standard 91,2,0.016695,0.016695,0,0,0,0,mg/L,HCl PO4_1,1659026837,7/28/2022 12:47,,
RESULT,-2,S92,Standard 92,3,0.028337,0.028337,0,0,0,0,mg/L,HCl PO4_1,1659026918,7/28/2022 12:48,,
RESULT,-2,S93,Standard 93,4,0.063833,0.063833,0,0,0,0,mg/L,HCl PO4_1,1659026999,7/28/2022 12:49,,
RESULT,-2,S94,Standard 94,5,0.125703,0.125703,0,0,0,0,mg/L,HCl PO4_1,1659027080,7/28/2022 12:51,,
RESULT,-2,S95,Standard 95,6,0.183985,0.183985,0,0,0,0,mg/L,HCl PO4_1,1659027161,7/28/2022 12:52,,
RESULT,-2,S96,Standard 96,7,0.244745,0.244745,0,0,0,0,mg/L,HCl PO4_1,1659027242,7/28/2022 12:54,,
RESULT,-1,S0,Standard 0,8,0.005060,0.00506,0,0,0,0,mg/L,HCl PO4_1,1659027324,7/28/2022 12:55,,
CALIBRATION,HCl PO4_1,1659027324,7/28/2022 12:55,,,,,,,,,,,,,
RESULT,-3,C11,CCV,9,0.483849,0.120739,0,0,0,0,mg/L,HCl PO4_1,1659027404,7/28/2022 12:56,,
QCPRORESULT,NORMAL,0,1659027404,,,,,,,,,,,,,
QCPRODECISION,IN,1659027404,,,,,,,,,,,,,,
RESULT,-3,C12,CCB,10,0.002139,0.005149,0,0,0,0,mg/L,HCl PO4_1,1659027486,7/28/2022 12:58,,
QCPRORESULT,NORMAL,0,1659027486,,,,,,,,,,,,,
QCPRODECISION,IN,1659027486,,,,,,,,,,,,,,
RESULT,5,U1,C3C-C-2-P,11,0.215929,0.05645,0,0,0,0,mg/L,HCl PO4_1,1659027567,7/28/2022 12:59,,
RESULT,6,U2,C3SA-C-4-P,12,0.116707,0.032641,0,0,0,0,mg/L,HCl PO4_1,1659027649,7/28/2022 13:00,,
RESULT,7,U3,C1A-B-1-P,13,0.139847,0.038193,0,0,0,0,mg/L,HCl PO4_1,1659027729,7/28/2022 13:02,,
RESULT,8,U4,C3C-D-4-P,14,0.142312,0.038785,0,0,0,0,mg/L,HCl PO4_1,1659027811,7/28/2022 13:03,,
RESULT,9,U5,C3C-D-1-P,15,0.096905,0.027889,0,0,0,0,mg/L,HCl PO4_1,1659027892,7/28/2022 13:04,,
RESULT,10,U6,C3C-D-5-P,16,0.610347,0.151093,0,0,0,0,mg/L,HCl PO4_1,1659027973,7/28/2022 13:06,,
RESULT,11,U7,C1A-C-3-P,17,0.457497,0.114416,0,0,0,0,mg/L,HCl PO4_1,1659028054,7/28/2022 13:07,,
RESULT,12,U8,C1A-C-4-P,18,0.228848,0.05955,0,0,0,0,mg/L,HCl PO4_1,1659028135,7/28/2022 13:08,,
RESULT,13,U9,C3SA-C-2-P,19,0.190249,0.050287,0,0,0,0,mg/L,HCl PO4_1,1659028216,7/28/2022 13:10,,
RESULT,14,U10,C3SA-C-3-P,20,0.242915,0.062925,0,0,0,0,mg/L,HCl PO4_1,1659028298,7/28/2022 13:11,,
RESULT,14,C13,Duplicate,21,0.248202,0.064194,0,0,0,0,mg/L,HCl PO4_1,1659028378,7/28/2022 13:12,,
QCPRORESULT,DUPLICATE,2.152842,1659028378,,,,,,,,,,,,,
QCPRODECISION,IN,1659028378,,,,,,,,,,,,,,
RESULT,14,C14,Auto Spike,22,0.744121,0.178043,0,0,0,0,mg/L,HCl PO4_1,1659028460,7/28/2022 13:14,,
QCPRORESULT,AUTO SPIKE,100.241127,1659028460,,,,,,,,,,,,,
QCPRODECISION,IN,1659028460,,,,,,,,,,,,,,
RESULT,-3,C11,CCV,23,0.484403,0.120872,0,0,0,0,mg/L,HCl PO4_1,1659028542,7/28/2022 13:15,,
QCPRORESULT,NORMAL,0,1659028542,,,,,,,,,,,,,
QCPRODECISION,IN,1659028542,,,,,,,,,,,,,,
RESULT,-3,C12,CCB,24,0.003416,0.005455,0,0,0,0,mg/L,HCl PO4_1,1659028624,7/28/2022 13:17,,
QCPRORESULT,NORMAL,0,1659028624,,,,,,,,,,,,,
QCPRODECISION,IN,1659028624,,,,,,,,,,,,,,
RESULT,15,U11,C1A-B-4-P,25,0.087666,0.025672,0,0,0,0,mg/L,HCl PO4_1,1659028705,7/28/2022 13:18,,
RESULT,16,U12,C3SB-C-4-P,26,0.521320,0.129731,0,0,0,0,mg/L,HCl PO4_1,1659028786,7/28/2022 13:19,,
RESULT,17,U13,C3B-C-4-P,27,0.084289,0.024861,0,0,0,0,mg/L,HCl PO4_1,1659028867,7/28/2022 13:21,,
RESULT,18,U14,C3SB-C-5-P,28,0.498758,0.124317,0,0,0,0,mg/L,HCl PO4_1,1659028949,7/28/2022 13:22,,
RESULT,19,U15,C3B-C-5-P,29,0.658929,0.162751,0,0,0,0,mg/L,HCl PO4_1,1659029029,7/28/2022 13:23,,
RESULT,20,U16,C3C-B-4-P,30,0.473744,0.118315,0,0,0,0,mg/L,HCl PO4_1,1659029110,7/28/2022 13:25,,
RESULT,21,U17,C1A-B-2-P,31,0.090000,0.026232,0,0,0,0,mg/L,HCl PO4_1,1659029191,7/28/2022 13:26,,
RESULT,22,U18,C3B-B-3-P,32,0.135328,0.037109,0,0,0,0,mg/L,HCl PO4_1,1659029273,7/28/2022 13:27,,
RESULT,23,U19,C3B-B-5-P,33,0.093134,0.026984,0,0,0,0,mg/L,HCl PO4_1,1659029353,7/28/2022 13:29,,
RESULT,24,U20,C1A-B-5-P,34,0.182752,0.048489,0,0,0,0,mg/L,HCl PO4_1,1659029435,7/28/2022 13:30,,
RESULT,24,C13,Duplicate,35,0.184207,0.048838,0,0,0,0,mg/L,HCl PO4_1,1659029516,7/28/2022 13:31,,
QCPRORESULT,DUPLICATE,0.792781,1659029516,,,,,,,,,,,,,
QCPRODECISION,IN,1659029516,,,,,,,,,,,,,,
RESULT,24,C14,Auto Spike,36,0.675220,0.161987,0,0,0,0,mg/L,HCl PO4_1,1659029597,7/28/2022 13:33,,
QCPRORESULT,AUTO SPIKE,98.493561,1659029597,,,,,,,,,,,,,
QCPRODECISION,IN,1659029597,,,,,,,,,,,,,,
RESULT,-3,C11,CCV,37,0.485830,0.121215,0,0,0,0,mg/L,HCl PO4_1,1659029679,7/28/2022 13:34,,
QCPRORESULT,NORMAL,0,1659029679,,,,,,,,,,,,,
QCPRODECISION,IN,1659029679,,,,,,,,,,,,,,
RESULT,-3,C12,CCB,38,0.003895,0.00557,0,0,0,0,mg/L,HCl PO4_1,1659029761,7/28/2022 13:36,,
QCPRORESULT,NORMAL,0,1659029761,,,,,,,,,,,,,
QCPRODECISION,IN,1659029761,,,,,,,,,,,,,,
RESULT,25,U21,C3C-B-2-P,39,0.296109,0.075689,0,0,0,0,mg/L,HCl PO4_1,1659029843,7/28/2022 13:37,,
RESULT,26,U22,C3B-C-2-P,40,1.628996,0.395527,0,0,0,19,mg/L,HCl PO4_1,1659029924,7/28/2022 13:38,,
AUTODILUTION,APPROVED,1659029924,,,,,,,,,,,,,,
AUTODILUTION,ADDED,1659029924,,,,,,,,,,,,,,
RESULT,27,U23,C3C-D-3-P,41,0.141636,0.038622,0,0,0,0,mg/L,HCl PO4_1,1659030005,7/28/2022 13:40,,
RESULT,28,U24,C3B-C-3-P,42,0.281815,0.072259,0,0,0,0,mg/L,HCl PO4_1,1659030086,7/28/2022 13:41,,
RESULT,29,U25,C3C-B-3-P,43,0.214680,0.05615,0,0,0,0,mg/L,HCl PO4_1,1659030167,7/28/2022 13:42,,
RESULT,30,U26,C3SA-C-1-P,44,1.051629,0.256983,0,0,0,19,mg/L,HCl PO4_1,1659030248,7/28/2022 13:44,,
AUTODILUTION,APPROVED,1659030248,,,,,,,,,,,,,,
AUTODILUTION,ADDED,1659030248,,,,,,,,,,,,,,
RESULT,31,U27,C1A-B-3-P,45,0.190129,0.050259,0,0,0,0,mg/L,HCl PO4_1,1659030330,7/28/2022 13:45,,
RESULT,32,U28,C3SC-D-5-P,46,0.059936,0.019018,0,0,0,0,mg/L,HCl PO4_1,1659030410,7/28/2022 13:46,,
RESULT,33,U29,C1SB-C-1-P,47,0.164781,0.044176,0,0,0,0,mg/L,HCl PO4_1,1659030492,7/28/2022 13:48,,
RESULT,34,U30,C1A-C-5-P,48,0.954183,0.2336,0,0,0,0,mg/L,HCl PO4_1,1659030572,7/28/2022 13:49,,
RESULT,34,C13,Duplicate,49,0.952291,0.233146,0,0,0,0,mg/L,HCl PO4_1,1659030654,7/28/2022 13:50,,
QCPRORESULT,DUPLICATE,0.198441,1659030654,,,,,,,,,,,,,
QCPRODECISION,IN,1659030654,,,,,,,,,,,,,,
RESULT,34,C14,Auto Spike,50,1.383468,0.327034,0,0,0,0,mg/L,HCl PO4_1,1659030735,7/28/2022 13:52,,
QCPRORESULT,AUTO SPIKE,85.856941,1659030735,,,,,,,,,,,,,
QCPRODECISION,IN,1659030735,,,,,,,,,,,,,,
AUTODILUTION,APPROVED,1659030736,,,,,,,,,,,,,,
AUTODILUTION,ADDED,1659030736,,,,,,,,,,,,,,
RESULT,-3,C11,CCV,51,0.479171,0.119617,0,0,0,0,mg/L,HCl PO4_1,1659030817,7/28/2022 13:53,,
QCPRORESULT,NORMAL,0,1659030817,,,,,,,,,,,,,
QCPRODECISION,IN,1659030817,,,,,,,,,,,,,,
RESULT,-3,C12,CCB,52,0.003640,0.005509,0,0,0,0,mg/L,HCl PO4_1,1659030900,7/28/2022 13:55,,
QCPRORESULT,NORMAL,0,1659030900,,,,,,,,,,,,,
QCPRODECISION,IN,1659030900,,,,,,,,,,,,,,
RESULT,35,U31,C1SB-D-1-P,53,0.113805,0.031944,0,0,0,0,mg/L,HCl PO4_1,1659030982,7/28/2022 13:56,,
RESULT,36,U32,C3C-D-2-P,54,0.402858,0.101305,0,0,0,0,mg/L,HCl PO4_1,1659031063,7/28/2022 13:57,,
RESULT,37,U33,C3SA-C-5-P,55,0.293841,0.075145,0,0,0,0,mg/L,HCl PO4_1,1659031145,7/28/2022 13:59,,
RESULT,38,U34,C3B-B-4-P,56,0.086434,0.025376,0,0,0,0,mg/L,HCl PO4_1,1659031226,7/28/2022 14:00,,
RESULT,39,U35,C3SB-C-2-P,57,0.114591,0.032133,0,0,0,0,mg/L,HCl PO4_1,1659031307,7/28/2022 14:01,,
RESULT,40,U36,C3C-B-1-P,58,0.309533,0.078911,0,0,0,0,mg/L,HCl PO4_1,1659031388,7/28/2022 14:03,,
RESULT,41,U37,C3SB-D-1-P,59,0.094633,0.027344,0,0,0,0,mg/L,HCl PO4_1,1659031425,7/28/2022 14:03,,
RESULT,42,U38,C3B-D-1-P,60,0.200881,0.052839,0,0,0,0,mg/L,HCl PO4_1,1659031505,7/28/2022 14:05,,
RESULT,43,U39,C3C-A-1-P,61,0.485412,0.121114,0,0,0,0,mg/L,HCl PO4_1,1659031585,7/28/2022 14:06,,
RESULT,43,C13,Duplicate,62,0.467816,0.116892,0,0,0,0,mg/L,HCl PO4_1,1659031664,7/28/2022 14:07,,
QCPRORESULT,DUPLICATE,3.691877,1659031664,,,,,,,,,,,,,
QCPRODECISION,IN,1659031664,,,,,,,,,,,,,,
RESULT,43,C14,Auto Spike,63,0.974430,0.231713,0,0,0,0,mg/L,HCl PO4_1,1659031745,7/28/2022 14:09,,
QCPRORESULT,AUTO SPIKE,97.803528,1659031745,,,,,,,,,,,,,
QCPRODECISION,IN,1659031745,,,,,,,,,,,,,,
RESULT,-3,C11,CCV,64,0.481860,0.120262,0,0,0,0,mg/L,HCl PO4_1,1659031825,7/28/2022 14:10,,
QCPRORESULT,NORMAL,0,1659031825,,,,,,,,,,,,,
QCPRODECISION,IN,1659031825,,,,,,,,,,,,,,
RESULT,-3,C12,CCB,65,0.004181,0.005639,0,0,0,0,mg/L,HCl PO4_1,1659031905,7/28/2022 14:11,,
QCPRORESULT,NORMAL,0,1659031905,,,,,,,,,,,,,
QCPRODECISION,IN,1659031905,,,,,,,,,,,,,,
RESULT,26,U22,C3B-C-2-P,40,1.696970,0.208237,0,2,0,0,mg/L,HCl PO4_1,1659032925,7/28/2022 14:28,,
RESULT,30,U26,C3SA-C-1-P,44,1.102519,0.136915,0,2,0,0,mg/L,HCl PO4_1,1659033005,7/28/2022 14:30,,
RESULT,34,U30,C1A-C-5-P,48,0.925624,0.115691,0,2,0,0,mg/L,HCl PO4_1,1659033085,7/28/2022 14:31,,
RESULT,34,C13,Duplicate,49,0.940065,0.117424,0,2,0,0,mg/L,HCl PO4_1,1659033165,7/28/2022 14:32,,
QCPRORESULT,DUPLICATE,1.547973,1659033165,,,,,,,,,,,,,
QCPRODECISION,IN,1659033165,,,,,,,,,,,,,,
RESULT,34,C14,Auto Spike,50,1.434313,0.231031,0,2,0,0,mg/L,HCl PO4_1,1659033245,7/28/2022 14:34,,
QCPRORESULT,AUTO SPIKE,101.737671,1659033245,,,,,,,,,,,,,
QCPRODECISION,IN,1659033245,,,,,,,,,,,,,,
RUNENDED,1659033326,COMPLETE,,,,,,,,,,,,,,
