Pop,Fam,Num,2nd_Data_colec_date,LatRating0215,PShootStatus0215,LShootStatus0215,Rhiz0215,Remarks1,Remarks2,Collector,S1BLvs,S2BLvs,S3BLvs,S4Order,S4BrNode,S4FlNode,S5Order,S5BrNode,S5FlNode,S6Order,S6BrNode,S6FlNode,Rhiz0615,CollDate,Comments,Diam1,Diam2,Diam3,Infl,Surv1216,PIN1,PIN3,PIN_combined,LFY,GI,SOC1,GenoComment
F1,AS,2,02_05_15,3,N,N,Y,,,DLR,3,1,4,3,2,4,3,1,5,3,3,5,1,29-May-15,rhiz,141,146,70,18,0,,,,,,,
F1,AS,4,02_12_15,3,F,F,Y,,,DLR,6,4,4,1,,3,2,1,4,1,,4,1,1-Jun-15,rhiz,,88,108,17,1,,,,,,,
F1,AS,6,02_12_15,3,F,B,N,,,DLR,3,5,3,1,,3,2,3,4,1,,3,0,17-Jun-15,no rhiz,,79,82,20,1,,,,,,,
F1,AS,8,02_06_15,3,F,B,N,,,BK,5,5,7,2,1,6,2,3,7,3,2,6,1,4-Jun-15,rhiz,115,99,114,15,,,,,,,,
F1,AS,10,02_14_15,3,B,B,Y,,,BK,5,6,3,2,1,5,3,2,4,3,1,5,1,23-Jun-15,rhiz,,91,133,21,1,,,,,,,
F1,BM,2,02_11_15,3,N,N,N,,,DLR,6,5,4,3,2,4,2,2,6,3,2,5,1,1-Jun-15,rhiz,,96,112,14,0,,,,,,,
F1,BM,4,02_05_15,2,B,N,N,,,DLR,3,3,3,2,1,5,1,,4,1,,5,0,20-May-15,,90,105,70,11,0,,,,,,,
F1,BM,8,02_06_15,3,N,N,N,,,DLR,10,7,4,1,,4,1,,4,2,3,4,1,6-Jun-15,lots of rhiz,105,100,96,21,1,,,,,,,
F1,BS,2,02_06_15,2,F,B,Y,,,DLR,3,4,3,2,2,4,2,3,4,2,3,5,1,4-Jun-15,rhiz,,114,84,16,0,,,,,,,
F1,CS,2,02_06_15,2,N,N,Y,,,DLR,,,,,,,,,,,,,,,,109,112,72,27,0,,,,,,,
F1,DS,2,02_14_15,2,F,F,N,,,BK,5,1,3,3,1,5,3,3,5,4,3,6,1,23-Jun-15,rhiz,81,96,135,26,1,,,,,,,
F1,FM,2,02_11_15,3,F,F,N,,,DLR,1,3,7,3,2,7,2,3,5,2,2,4,1,9-Jun-15,rhiz,99,108,51,25,0,,,,,,,
F1,FM,3,02_15_15,4,N,N,Y,,,BK,,,,,,,,,,,,,1,16-Jun-15,rhiz. No infl.,84,103,104,0,0,,,,,,,
F1,FM,4,02_06_15,2,B,B,N,long inflorescence but no open flowers,,BK,3,9,2,2,1,6,2,1,5,2,1,5,0,2-Jun-15,,63,132,83,22,1,,,,,,,
F1,FM,6,02_12_15,2,F,F,N,,,DLR,4,3,1,2,4,6,2,3,5,2,2,7,0,1-Jun-15,,,98,38,27,1,,,,,,,
F1,FM,8,02_15_15,2,F,F,N,,,BK,3,10,2,2,1,4,3,1,7,2,1,6,0,16-Jun-15,,96,104,53,32,1,,,,,,,
F1,FS,8,02_05_15,2,F,B,Y,,,DLR,2,3,2,1,,6,1,,6,2,3,5,1,22-May-15,rhiz,88,117,75,27,1,,,,,,,
F1,FS,12,02_05_15,2,F,F,Y,many inflorescences,,DLR,3,2,1,2,1,7,2,2,5,2,2,5,1,18-May-15,rhiz,84,110,49,25,0,,,,,,,
F1,FS,14,02_05_15,3,B,B,N,,,DLR,1,4,3,2,2,4,2,2,4,2,3,5,1,10-Jun-15,rhiz,92,99,86,24,1,,,,,,,
F1,FS,22,02_05_15,2,N,N,N,,,,6,7,4,2,1,3,2,3,4,3,1,3,1,20-May-15,rhiz,78,103,100,8,1,,,,,,,
F1,FS,2A,02_12_15,2,B,N,Y,,,DLR,7,4,3,2,4,5,2,4,5,2,3,5,0,18-May-15,,93,85,91,16,1,,,,,,,
F1,FS,2B,02_12_15,3,F,F,Y,DUPLICATE #,,DLR,1,1,2,2,2,5,2,3,5,3,3,5,1,18-May-15,rhiz,99,94,53,28,0,,,,,,,
F1,FS,4A,02_05_15,3,F,F,N,,,DLR,4,3,5,2,1,4,3,1,5,2,1,4,1,25-May-15,rhiz,111,82,101,33,1,,,,,,,
F1,FS,4B,02_06_15,2,F,N,Y,,,DLR,6,8,9,2,3,4,2,2,3,2,3,4,1,1-Jun-15,rhiz,88,,96,20,0,,,,,,,
F1,FS,6A,02_05_15,2,N,N,N,,,DLR,5,6,0,2,4,6,3,2,4,2,2,4,1,18-May-15,rhiz,83,85,69,21,0,,,,,,,
F1,FS,6B,02_12_15,3,F,F,Y,,,DLR,2,4,1,2,4,6,2,1,3,1,,3,1,11-Jun-15,rhiz,118,120,73,12,1,,,,,,,
F1,HM,2,02_05_15,3,F,F,N,,,DLR,7,3,2,2,3,6,1,,8,2,2,4,0,26-May-15,,123,,102,23,1,,,,,,,
F1,HM,4,02_14_15,3,F,B,Y,,,BK,4,1,2,1,,4,2,2,5,1,,5,1,15-Jun-15,rhiz,136,121,116,22,1,,,,,,,
F1,HM,6,02_14_15,2,F,F,Y,,,BK,4,1,7,4,1,4,3,3,4,3,2,5,1,23-Jun-15,rhiz,103,106,149,29,1,,,,,,,
F1,HS,2,02_11_15,3,F,F,Y,,,DLR,3,2,3,3,4,6,3,3,5,2,4,4,1,10-Jun-15,rhiz,134,122,70,16,1,,,,,,,
F1,HS,4,02_14_15,2,F,F,N,,,BK,3,4,3,2,1,5,2,2,5,2,2,4,1,22-Jun-15,rhiz,,113,117,16,1,,,,,,,
F1,HS,8,02_05_15,2,F,F,N,,,DLR,1,0,3,3,2,5,1,,5,1,,5,1,18-May-15,rhiz,88,107,81,19,1,,,,,,,
F1,IM,2,02_06_15,2,B,B,N,,,DLR,12,12,4,2,2,5,2,4,5,2,2,5,1,3-Mar-00,rhiz(med),117,108,79,25,1,,,,,,,
F1,IM,4,02_15_15,2,F,B,N,,,BK,2,2,3,3,1,5,3,1,4,3,1,5,0,15-Jun-15,,71,129,67,19,1,,,,,,,
F1,IM,6,02_14_15,2,F,F,N,,,BK,7,1,3,2,2,5,3,1,5,2,2,5,1,11-Jun-15,rhiz(few),93,130,101,34,1,,,,,,,
F1,IM,8,02_06_15,2,B,B,N,,,DLR,3,2,4,2,1,3,1,,4,2,3,5,0,2-Jun-15,,83,119,75,31,1,,,,,,,
F1,IM,10,02_05_15,2,F,B,Y,,,DLR,6,4,5,2,2,3,1,,1,1,0,2,0,1-Jun-15,,116,107,64,28,1,,,,,,,
F2,AM,2,02_05_15,2,B,N,N,,,DLR,7,8,6,2,5,6,2,1,2,1,,1,1,1-Jun-15,rhiz,127,61,92,10,0,,1,1,1,1,,
F2,AM,4,02_12_15,3,F,B,N,,,BK,9,7,2,2,1,5,2,6,7,1,,6,0,10-Jun-15,,100,91,73,16,1,,0,0,2,1,,
F2,AM,6,02_06_15,3,F,B,N,,,DLR,11,7,9,2,2,5,3,1,5,2,,5,0,1-Jun-15,,,90,74,11,0,,1,1,0,0,,
F2,AM,8,02_05_15,3,B,N,N,,,DLR,6,4,4,2,1,5,2,1,6,1,,4,0,26-May-15,,54,,114,10,1,,0,0,2,1,,
F2,AM,10,02_05_15,3,F,B,N,,,DLR,6,5,5,2,1,5,2,4,5,1,,4,0,18-May-15,,113,93,69,10,0,,0,0,0,0,,
F2,AM,12,02_05_15,2,B,B,N,,,DLR,4,3,3,3,1,5,3,2,6,3,1,6,1,4-Jun-15,rhiz (few),65,94,65,10,1,,2,2,2,0,,
F2,AM,14,02_12_15,4,N,N,Y,,,DLR,3,6,7,2,1,4,2,3,7,1,,3,0,17-Jun-15,no rhiz,,88,55,25,1,,1,1,2,1,,
F2,AM,16,02_12_15,3,B,N,Y,,,DLR,4,3,2,3,2,5,3,3,6,2,3,4,1,11-Jun-15,rhiz,83,111,54,13,0,,,,,,,
F2,AM,18,02_14_15,4,F,B,Y,,,BK,3,1,1,3,1,6,3,2,5,3,1,5,1,23-Jun-15,rhiz,82,114,94,19,1,,1,1,2,1,,
F2,AM,20,02_12_15,2,B,B,N,,,DLR,1,3,7,2,3,5,1,,4,1,,3,0,18-Jun-15,no rhiz,119,114,77,17,0,,1,1,0,1,,
F2,AM,22,02_06_15,2,F,F,N,,,DLR,4,2,3,1,,3,1,,3,1,,4,1,2-Jun-15,rhiz,96,64,97,9,1,,2,2,0,1,,
F2,AM,24,02_15_15,4,F,B,Y,,,BK,3,2,5,2,1,4,2,1,4,2,2,5,0,18-Jun-15,,76,97,55,23,0,,1,1,0,0,,
F2,AM,26,02_12_15,3,F,B,N,,,DLR,4,4,3,1,,4,1,,2,2,2,3,1,10-Jun-15,rhiz (few),74,95,67,9,0,,,,,,,
F2,AM,28,02_12_15,2,F,N,N,,,BK,4,8,7,3,1,6,2,2,5,2,1,8,1,16-Jun-15,rhiz,97,76,64,7,,,1,1,0,1,,
F2,AM,30,02_11_15,3,N,N,Y,,,DLR,5,6,6,3,2,6,3,1,5,3,1,6,1,4-Jun-15,rhiz (few),66,102,63,13,1,,0,0,0,1,,
F2,AM,32,02_11_15,2,B,B,N,,,DLR,5,6,1,1,,3,2,3,3,2,2,5,1,9-Jun-15,rhiz,86,93,78,16,0,,2,2,0,1,,
F2,AM,34,02_12_15,3,F,B,N,,,DLR,2,6,3,2,2,4,2,3,5,2,2,4,1,17-Jun-15,rhiz (few),79,69,89,13,1,,,,,,,
F2,AM,36,02_14_15,2,F,F,N,,,BK,6,5,7,3,4,6,3,4,4,2,4,1,1,23-Jun-15,rhiz,127,115,50,15,1,,,,,,,
F2,AM,38,02_05_15,2,B,N,N,,,DLR,5,2,6,2,2,1,3,1,6,2,2,7,0,22-May-15,,71,,49,18,0,,1,1,2,0,,
F2,AM,40,02_05_15,3,F,B,Y,,,DLR,6,5,3,3,3,5,2,,3,2,4,6,0,26-May-15,,107,,56,17,0,,1,1,0,1,,
F2,AM,42,02_12_15,4,F,B,N,,,DLR,3,3,3,1,,2,1,,3,2,2,4,0,10-Jun-15,no rhiz,88,88,72,17,1,,1,1,1,1,,
F2,AM,44,02_05_15,2,N,N,N,,,DLR,3,0,1,3,3,6,2,4,5,2,4,5,1,22-May-15,rhiz,80,113,81,22,,,2,2,1,0,,
F2,AM,46,02_05_15,2,B,N,N,,,DLR,5,4,2,2,1,6,2,4,5,2,2,5,1,20-May-15,rhiz,68,120,56,24,1,,0,0,1,2,,
F2,AM,48,02_12_15,4,B,B,Y,,,DLR,6,4,6,1,,3,1,,3,1,,2,1,17-Jun-15,rhiz,100,80,88,10,0,,,,,,,
F2,AM,50,02_15_15,2,N,N,Y,,,BK,6,7,7,2,1,3,3,1,4,3,1,3,1,15-Jun-15,rhiz (few),,99,98,13,1,,0,0,0,0,,
F2,AM,52,02_12_15,3,F,F,Y,,,DLR,7,4,3,1,,4,2,2,4,1,1,4,1,1-Jun-15,rhiz,,91,124,21,,,0,0,2,1,,
F2,AM,54,02_12_15,4,B,N,N,,,DLR,7,9,7,2,1,4,3,1,5,3,2,4,0,1-Jun-15,,,89,86,17,1,,1,1,1,1,,
F2,AM,56,02_05_15,3,F,N,N,,,DLR,7,4,7,2,5,6,2,4,6,2,4,6,1,2-Jun-15,rhiz,103,87,76,12,0,,1,1,1,1,,
F2,AM,58,02_15_15,2,F,F,Y,,,BK,2,3,3,2,3,5,2,4,5,2,3,5,1,16-Jun-15,rhiz (few),114,113,56,15,0,,2,2,1,2,,
F2,AM,60,02_14_15,4,F,N,Y,,,BK,5,7,7,3,2,4,2,3,4,3,1,4,1,23-Jun-15,rhiz,84,91,130,6,1,,1,1,0,2,,
F2,AM,62,02_12_15,3,B,N,N,,,DLR,12,4,4,3,2,5,3,3,7,4,1,5,1,4-Jun-15,rhiz,109,99,99,5,1,,0,0,1,2,,
F2,AM,64,02_12_15,3,F,F,N,,,DLR,4,4,5,3,3,4,3,2,6,3,3,5,0,11-Jun-15,,100,94,66,27,1,,0,0,1,1,,
F2,AM,66,02_12_15,2,F,B,N,,,DLR,4,4,5,1,,3,2,2,4,2,1,2,1,17-Jun-15,rhiz,89,91,78,24,0,,,,,,,
F2,AM,68,02_12_15,4,F,F,Y,,,BK,5,1,5,2,2,3,2,2,3,1,,2,1,17-Jun-15,rhiz,,89,68,22,1,,,,,,,
F2,AM,70,02_06_15,3,N,N,N,,,DLR,4,4,8,3,2,4,2,2,4,2,3,4,0,3-Jun-15,no rhiz,,99,91,16,1,,1,1,0,0,,
F2,AM,72,02_12_15,3,F,F,N,,,DLR,4,4,8,2,2,5,1,,5,2,2,5,0,14-May-15,,114,57,68,20,1,,2,2,1,0,,
F2,AM,74,02_05_15,3,F,B,N,,,DLR,7,4,3,2,2,5,2,2,4,2,2,3,1,4-Jun-15,rhiz (few),110,105,79,25,0,,2,2,2,0,,
F2,AM,76,02_11_15,3,B,N,N,,,DLR,2,3,5,2,2,6,2,2,6,2,4,6,1,8-Jun-15,rhiz,,95,80,17,1,,1,1,,0,,
F2,AM,78,02_12_15,3,N,N,Y,,,BK,7,4,5,2,1,2,2,2,3,2,1,1,1,23-Jun-15,rhiz,94,92,124,5,1,,1,1,,0,,
F2,AM,80,02_05_15,4,N,N,N,,,DLR,7,8,9,3,1,5,2,2,8,3,1,5,0,25-May,,81,,81,19,1,,1,1,1,0,,
F2,AM,82,02_06_15,2,F,N,Y,,,BK,4,3,3,3,4,5,2,3,4,2,3,5,1,4-Jun,rhiz,120,102,84,27,0,,1,1,1,1,,
F2,AM,84,02_05_15,2,N,N,N,,,DLR,7,6,9,2,2,6,2,3,6,2,4,5,1,5/22/15,rhiz,88,,96,18,0,,1,1,1,0,,
F2,AM,86,02_05_15,4,B,N,N,,,DLR,8,14,7,2,1,4,2,1,4,2,1,4,0,5/18/15,,96,82,88,4,0,,0,0,1,0,,
F2,AM,88,02_12_15,2,F,B,N,,,BK,2,3,5,1,,3,2,1,3,3,2,5,0,6/19/15,no rhiz,,109,83,18,0,,2,2,2,1,,
F2,AM,90,02_06_15,2,F,B,N,,,DLR,5,3,5,2,4,5,2,4,5,3,3,5,1,6/4/15,rhiz (few),112,104,66,20,0,,2,2,1,1,,
F2,AM,92,02_12_15,3,B,B,N,,,DLR,5,7,6,2,3,5,1,,3,1,,4,1,6/17/15,rhiz,68,93,92,23,1,,,,,,,
F2,AM,94,02_12_15,3,F,B,N,,,BK,7,3,1,2,2,4,2,2,3,1,,3,1,6/18/15,very few rhiz,,81,49,34,1,,2,2,2,0,,
F2,AM,96,02_05_15,4,B,N,Y,,,DLR,6,2,1,2,1,5,2,1,7,2,2,5,1,6/2/15,rhiz,,96,65,16,0,,0,0,,1,,
F2,AM,98,02_06_15,2,F,B,Y,,,DLR,5,4,7,1,,4,1,,5,2,2,5,1,6/2/15,rhiz,106,101,75,26,0,,1,1,0,0,,
F2,AM,100,02_06_15,3,F,F,N,small crown. Lots of inflorescence,,BK,5,5,5,2,2,5,2,2,4,2,3,4,1,6/4/15,rhiz,84,112,129,15,0,,0,0,0,1,,
F2,AM,102,02_15_15,4,F,B,N,,,BK,5,5,5,3,1,8,2,2,5,3,1,9,0,6/16/0201,no rhiz,108,105,,11,1,,0,0,1,0,,
F2,AM,104,02_12_15,3,F,B,N,,,DLR,7,5,4,2,1,6,2,3,4,2,3,4,1,6/4/15,rhiz (few),99,107,97,9,,,1,1,2,1,,
F2,AM,106,02_12_15,2,F,F,N,,,BK,1,4,3,3,4,4,2,1,3,3,3,3,0,6/19/15,no rhiz,144,131,56,22,1,,1,1,0,0,,
F2,AM,108,02_06_15,3,F,F,N,,,DLR,9,7,6,3,2,3,2,2,4,2,1,3,0,6/1/15,,77,103,67,17,1,,1,1,1,1,,
F2,AM,110,02_06_15,2,F,N,N,,,DLR,5,10,9,2,1,4,2,4,5,2,1,4,1,6/4/15,rhiz (few),,120,109,17,1,,2,2,2,1,,
F2,AM,112,02_12_15,2,B,N,Y,,,DLR,4,3,2,1,,2,1,,2,2,2,4,1,6/10/15,rhiz,,112,66,17,1,,1,1,2,0,,
F2,AM,114,02_05_15,2,F,F,N,,,DLR,5,4,3,3,3,4,3,2,5,2,3,4,1,5/26/15,rhiz,85,76,57,16,1,,1,1,1,1,,
F2,AM,116,02_05_15,3,F,B,N,,,DLR,5,1,3,1,,4,1,,6,1,,6,0,5/22/15,,86,103,107,11,1,,0,0,2,1,,
F2,AM,118,02_12_15,3,N,N,Y,,,DLR,8,5,3,2,2,3,2,2,3,2,1,3,1,6/1/15,rhiz,81,77,85,7,1,,,,2,,,
F2,AM,120,02_14_15,2,F,F,N,,,BK,2,2,4,3,2,5,3,1,5,4,2,5,0,6/23/15,,99,111,72,19,1,,1,1,0,1,,
F2,AM,122,02_05_15,2,F,B,N,,,DLR,,,,,,,,,,,,,,,,121,71,124,8,1,,1,1,1,0,,
F2,AM,124,02_11_15,3,F,B,Y,,,DLR,2,4,3,3,3,4,2,2,4,3,2,4,1,6/4/15,rhiz,109,104,61,20,1,,2,2,0,0,,
F2,AM,126,02_06_15,3,F,F,Y,,,DLR,3,4,6,3,4,6,1,,1,1,,4,0,,,119,77,46,23,1,,1,1,0,1,,
F2,AM,128,02_12_15,4,N,N,Y,,,DLR,6,,,2,1,3,,,,,,,1,6/11/15,rhiz,103,94,78,1,0,,1,1,2,,,
F2,AM,130,02_11_15,3,N,N,Y,,,DLR,2,3,3,2,1,3,1,,3,3,2,3,1,6/8/15,rhiz,103,95,51,32,0,,2,2,0,,,
F2,AM,132,02_14_15,3,F,F,Y,,,BK,3,2,2,2,1,4,1,,4,2,1,5,0,6/22/15,,132,125,62,18,1,,1,1,0,1,,
F2,AM,134,02_12_15,4,B,B,Y,,,DLR,2,3,5,1,,2,1,,3,2,1,5,1,6/17/15,rhiz,123,112,48,24,0,,,,,,,
F2,AM,136,02_05_15,3,F,F,N,,,DLR,4,7,3,2,1,4,1,,6,1,,2,1,5/20/15,rhiz,99,92,62,14,0,,1,1,0,1,,
F2,AM,137,02_12_15,4,B,N,Y,,,DLR,4,5,1,3,3,5,2,2,4,2,1,2,1,6/11/15,rhiz,98,91,81,27,1,,,,,,,
F2,AM,138,02_06_15,3,F,N,N,,,DLR,7,10,6,2,1,4,2,1,4,2,1,5,1,6/2/15,rhiz(few),,79,94,10,1,,0,0,1,1,,
F2,AM,140,02_05_15,2,N,N,N,,,DLR,4,4,5,3,1,6,3,4,6,3,1,5,1,5/29/15,rhiz,134,84,58,18,1,,0,0,1,1,,
F2,AM,142,02_05_15,3,F,N,N,,,DLR,2,4,2,3,1,2,3,1,2,4,1,3,0,6/9/15,,,80,65,20,1,,2,2,2,0,,
F2,AM,144,02_12_15,2,N,N,Y,,,DLR,1,3,1,2,1,4,3,3,5,2,1,4,1,6/16/15,rhiz,,82,85,17,1,,,,,,,
F2,AM,146,02_06_15,3,B,N,Y,,,BK,3,2,3,2,3,5,2,3,5,1,,5,1,6/2/15,rhiz(few),,147,63,32,1,,2,2,2,1,,
F2,AM,148,02_14_15,3,F,B,Y,,,BK,3,0,0,3,1,5,2,1,4,3,1,6,0,6/22/15,,122,110,46,15,1,,1,1,1,0,,
F2,AM,150,02_11_15,3,B,B,Y,,,DLR,2,2,4,2,3,3,1,,2,1,,0,1,6/8/15,rhiz,74,81,72,18,0,,1,1,2,0,,
F2,AM,152,02_12_15,4,B,B,Y,,,BK,9,4,5,4,2,5,3,3,5,3,2,4,1,6/10/0201,rhiz(few),90,95,63,19,1,,1,1,1,0,,
F2,AM,154,02_12_15,3,F,B,Y,,,BK,3,2,6,2,2,4,2,3,6,2,4,7,1,6/19/15,rhiz,109,111,46,24,1,,0,0,0,0,,
F2,AM,156,02_11_15,4,F,F,N,,,DLR,3,1,6,2,4,6,2,3,3,2,1,5,1,6/9/15,rhiz,116,93,58,24,1,,1,1,2,1,,
F2,AM,158,02_05_15,3,F,B,N,,,DLR,,,,,,,,,,,,,1,,Rhiz scored based on photo,94,117,101,15,1,,1,1,1,1,,
F2,AM,160,02_11_15,4,F,N,N,,,DLR,4,3,1,2,2,4,2,2,6,2,3,6,1,6/4/15,rhiz,142,104,88,17,0,,0,0,1,0,,
F2,AM,162,02_12_15,2,N,N,N,,,DLR,3,2,3,1,,2,2,1,4,2,1,5,1,6/16/15,rhiz,101,116,116,11,1,,,,,,,
F2,AM,164,02_12_15,3,N,N,N,,,BK,3,4,4,2,2,3,2,2,3,3,1,4,1,6/18/15,rhiz,124,107,86,18,0,,0,0,1,0,,
F2,AM,166,02_14_15,2,F,B,N,,,BK,6,8,4,2,2,3,2,3,2,2,1,3,0,6/23/15,no rhiz,153,114,29,20,1,,1,1,1,0,,
F2,AM,168,02_06_15,3,F,B,Y,,,DLR,8,9,10,2,1,5,2,2,6,2,3,,1,6/3/15,rhiz (lots),,105,95,19,0,,1,1,0,1,,
F2,AM,170,02_12_15,4,B,B,Y,,,DLR,3,3,3,2,1,3,1,,2,2,1,3,1,6/17/15,rhiz,119,119,66,17,1,,1,1,1,0,,
F2,AM,172,02_14_15,2,F,F,Y,,,BK,4,3,7,2,2,3,2,2,4,2,4,5,1,6/22/15,rhiz,93,104,72,17,0,,1,1,1,0,,
F2,AM,174,02_06_15,3,F,N,N,,,DLR,5,4,7,3,1,5,2,2,6,2,2,5,1,6/4/15,rhiz (med),91,113,108,15,1,,0,0,0,1,,
F2,AM,176,02_14_15,2,F,B,N,,,BK,1,1,7,2,5,5,3,4,5,2,2,4,0,6/23/15,no rhiz,113,132,49,18,0,,1,1,1,1,,
F2,AM,178,02_05_15,3,N,N,N,,,DLR,4,5,6,2,1,8,2,6,7,1,,8,1,5/22/15,rhiz,146,,90,17,0,,0,0,1,1,,
F2,AM,180,02_05_15,3,F,F,N,,,DLR,4,2,8,2,3,3,2,2,5,2,2,5,1,5/26/15,rhiz,102,,57,22,0,,1,1,1,1,,
F2,AM,182,02_11_15,3,F,B,Y,,,DLR,5,3,3,2,2,4,2,4,5,2,2,3,1,6/9/15,rhiz,100,110,60,22,1,,2,2,2,1,,
F2,AM,184,02_11_15,4,N,N,N,,,DLR,6,2,1,2,4,6,3,3,6,2,2,3,1,6/4/15,rhiz,,103,75,13,1,,1,1,0,2,,
F2,AM,186,02_15_15,3,F,B,Y,,,BK,6,5,3,3,3,5,3,2,5,3,5,6,1,6/11/15,rhiz (few),106,95,84,23,0,,1,1,1,1,,
F2,AM,188,02_06_15,3,F,B,Y,,,DLR,4,3,1,1,,8,1,,6,1,,7,0,5/22/15,,,103,57,16,0,,1,1,2,1,,
F2,AM,190,02_12_15,2,B,B,N,,,DLR,5,3,4,1,,3,1,,2,2,1,3,0,6/18/15,no rhiz,113,111,79,16,0,,1,1,0,1,,
F2,AM,192,02_05_15,4,F,B,Y,,,DLR,2,5,6,2,4,6,1,1,4,2,2,6,1,5/26/15,rhiz,115,,125,17,0,,2,2,1,1,,
F2,AM,194,02_05_15,4,N,N,N,,,DLR,5,1,6,2,3,6,3,1,4,2,2,4,1,6/9/15,rhiz,103,91,78,10,1,,0,0,0,2,,
F2,AM,196,02_06_15,2,Y,Y,N,lots of inflorescences,,DLR,5,4,3,2,3,6,3,2,6,2,2,5,1,6/2/15,rhiz (few),133,115,48,15,0,,2,2,1,1,,
F2,AM,198,02_05_15,2,F,B,Y,,,DLR,3,2,2,3,1,4,3,3,4,3,3,4,1,5/25/15,rhiz,108,,74,27,1,,2,2,2,1,,
F2,AM,200,02_12_15,3,N,N,N,,,DLR,4,6,2,2,2,5,1,,3,2,2,6,1,6/18/15,rhiz,,106,106,6,0,,0,0,0,0,,
F2,AM,206,02_12_15,2,F,B,N,,,DLR,4,2,3,1,,2,2,1,4,2,2,4,1,6/6/15,rhiz,137,113,61,29,0,,,,,,,
F2,AM,208,02_11_15,2,B,N,Y,,,DLR,6,4,4,2,3,4,2,3,4,2,4,6,1,6/8/15,rhiz,101,127,60,16,0,,0,0,0,1,,
F2,AM,210,02_12_15,4,F,F,Y,many inflorescences,,DLR,4,3,3,1,,3,2,1,5,1,,3,1,6/17/15,rhiz,161,124,70,35,0,,2,2,1,0,,
F2,AM,212,02_06_15,3,F,B,N,,,DLR,3,1,11,2,2,3,2,1,5,1,,2,0,6/1/15,,88,89,92,11,0,,1,1,1,1,,
F2,AM,214,02_15_15,3,F,N,Y,,,BK,3,3,2,2,1,4,2,1,6,3,2,6,1,6/17/15,rhiz,115,109,87,24,1,,0,0,1,2,,
F2,AM,216,02_05_15,2,N,N,N,,,DLR,7,7,2,2,3,8,2,3,5,2,4,5,0,5/22/15,,,,100,7,0,,0,0,2,1,,
F2,AM,218,02_05_15,2,B,N,N,,,DLR,2,3,7,3,5,6,1,6,8,1,4,6,0,5/22/15,,110,,77,16,0,,1,1,2,1,,
F2,AM,220,02_11_15,3,F,F,N,,,DLR,3,2,3,2,4,5,2,5,6,4,6,9,1,6/8/15,rhiz,119,96,73,17,1,,1,1,1,1,,
F2,AM,222,02_05_15,3,F,N,Y,,,DLR,3,1,1,1,,4,3,6,4,2,4,5,0,5/22/15,,113,100,50,18,0,,1,1,0,1,,
F2,AM,224,02_11_15,3,F,B,Y,,,DLR,4,3,5,1,,5,1,,3,3,1,5,1,6/9/15,rhiz,,98,91,13,1,,1,1,1,0,,
F2,AM,226,02_11_15,3,F,N,Y,,,DLR,4,5,3,1,,2,2,3,5,2,2,3,1,6/8/15,rhiz,,77,64,17,1,,0,0,,,,Did not amplify
F2,AM,228,02_12_15,4,B,N,Y,,,DLR,3,2,8,2,3,7,2,4,5,2,3,7,1,6/11/15,rhiz,128,93,71,18,0,,,,,,,
F2,AM,230,02_12_15,3,F,B,N,,,DLR,5,6,5,2,3,4,2,4,5,2,2,4,0,6/11/15,,106,87,88,17,0,,1,1,1,0,,
F2,AM,232,02_05_15,2,N,N,Y,,,DLR,1,2,1,2,2,4,2,4,5,2,5,7,0,5/22/15,,100,90,85,15,0,,1,1,1,2,,
F2,AM,234,,,,,,,,,0,1,1,,4,6,3,4,6,2,3,7,0,5/22/15,,116,98,78,12,1,,1,1,2,1,,
F2,AM,236,02_05_15,4,F,B,N,,,DLR,4,2,1,2,3,6,2,4,6,2,3,6,0,5/18/15,,129,88,85,22,0,,0,0,1,1,,
F2,AM,238,02_05_15,2,N,N,N,,,DLR,1,4,1,2,5,5,1,5,5,2,3,7,0,5/22/15,,,90,45,29,0,,2,2,1,0,,
F2,AM,240,02_05_15,2,F,N,N,,,DLR,3,2,0,1,,7,1,,,1,,7,0,5/22/15,,116,158,87,19,0,,1,1,0,2,,
F2,AM,242,02_11_15,3,N,N,N,,,DLR,3,3,4,2,3,5,2,1,4,3,5,5,1,6/8/15,rhiz,92,111,78,23,0,,1,1,1,0,,
F2,AM,244,02_05_15,2,B,N,N,,,DLR,2,3,4,1,,5,1,,5,2,,7,1,5/20/15,rhiz,81,111,80,10,0,,1,1,1,1,,
F2,AM,246,02_06_15,2,B,N,N,,,BK,5,4,6,3,3,5,2,3,5,3,3,6,1,6/4/15,rhiz (few),130,103,67,18,1,,2,2,1,1,,
F2,AM,248,02_12_15,3,N,N,N,,,DLR,6,8,,1,,5,1,,5,,,,0,6/11/15,no rhiz,117,103,91,4,0,,,,,,,
F2,AM,250,02_12_15,3,N,N,Y,,,DLR,5,5,3,2,1,4,2,1,3,2,2,4,1,6/11/15,rhiz,60,98,117,10,1,,,,,,,
F2,AM,252,02_15_15,3,F,F,N,,,BK,3,2,2,2,2,3,2,4,5,3,2,5,0,6/17/15,,141,110,73,21,1,,0,0,1,1,,
F2,AM,254,02_11_15,3,F,F,Y,,,DLR,2,5,2,2,3,4,2,1,7,2,1,4,1,6/4/15,rhiz,127,116,42,29,0,,1,1,1,0,,
F2,AM,256,02_11_15,4,F,F,y,,,DLR,2,5,1,2,2,4,1,,3,3,4,6,1,6/9/15,rhiz,129,110,,16,0,,1,1,1,1,,
F2,AM,258,02_05_15,3,F,N,N,,,DLR,2,1,7,2,2,5,2,1,5,2,1,3,0,6/2/15,,110,91,45,22,0,,1,1,1,1,,
F2,AM,260,02_05_15,2,B,N,N,,,DLR,4,3,3,2,2,4,3,2,5,3,1,4,0,5/18/15,,60,103,90,17,0,,2,2,2,1,,
F2,AM,262,02_06_15,3,F,F,N,lots of inflorescences,,DLR,4,7,5,2,4,6,2,5,7,2,4,6,1,6/2/15,rhiz (few),,92,76,10,0,,1,1,1,1,,
F2,AM,264,02_05_15,3,F,B,N,,,DLR,4,2,3,1,,7,1,,3,1,,4,0,5/2/15,,133,133,119,16,0,,1,1,0,2,,
F2,AM,266,02_12_15,2,F,F,N,,,BK,5,4,6,1,,3,1,,2,2,1,6,0,6/23/15,no rhiz,135,128,80,19,1,,1,1,1,1,,
F2,AM,268,02_14_15,2,F,F,N,,,BK,1,3,3,2,1,3,1,,4,2,2,4,1,6/23/15,rhiz,119,95,67,19,1,,2,2,,,,
F2,AM,284,02_05_15,2,N,N,Y,,,DLR,,,,,,,,,,,,,,,,,,,,,,,,,,,
F2,AM,202A,02_11_15,4,F,F,N,,,DLR,2,3,3,2,2,3,2,2,3,3,2,4,1,6/16/15,rhiz 202A/B not labeled,67,77,85,16,0,,,,,,,
F2,AM,202B,02_12_15,4,B,N,Y,,,DLR,4,2,5,2,2,3,1,,2,1,,1,1,6/4/15,rhiz 202A/B not labeled,132,91,94,14,0,,,,,,,
F2,AM,204A,02_15_15,3,F,F,N,,,BK,11,5,5,2,1,4,1,,4,1,,4,0,6/16/15,204A/B not labeled,56,69,80,5,1,,,,,,,
F2,AM,204B,02_12_15,4,N,N,Y,,,DLR,5,3,3,1,,3,2,2,3,1,,2,1,6/17/15,rhiz 204A/B not labeled,135,151,0,12,1,,,,,,,
F2,AS,2,02_05_15,3,B,B,N,,,DLR,5,5,3,2,3,6,2,3,6,2,1,5,1,5/18/15,rhiz,93,89,63,17,0,,1,1,0,1,1,
F2,AS,4,02_12_15,2,B,N,N,,,DLR,6,7,4,2,2,4,3,1,3,3,2,4,1,6/1/15,rhiz,103,108,89,24,1,,,,,,,
F2,AS,6,,,,,,,,,6,7,4,2,1,4,3,3,7,3,2,6,1,6/19/15,RHIZ,,,,,,,,,,,,
F2,AS,8,02_11_15,2,F,F,N,,,DLR,5,6,2,3,1,6,3,2,5,3,3,5,0,6/4/15,no rhiz,,91,47,,0,,1,1,0,1,1,
F2,AS,10,02_06_15,2,F,F,N,,,DLR,2,4,3,3,2,5,2,3,5,3,2,5,0,6/3/15,no rhiz,101,107,47,26,0,,2,2,1,1,1,
F2,AS,12,02_11_15,3,B,N,Y,,,DLR,3,1,2,3,2,7,2,3,6,2,3,5,1,6/8/15,rhiz,103,106,60,17,0,,1,1,0,1,1,
F2,AS,14,02_12_15,2,F,F,Y,,,DLR,4,2,6,2,2,3,2,2,4,2,2,4,1,6/3/15,rhiz,112,98,70,20,1,,1,1,1,0,1,
F2,AS,16,02_12_15,3,N,N,N,,,DLR,5,4,2,2,1,3,2,2,4,2,1,3,1,6/17/15,rhiz,104,97,93,12,1,,,,,,,
F2,AS,18,02_11_15,3,N,N,N,,,DLR,1,4,1,2,4,5,3,4,11,2,3,5,1,6/4/15,rhiz,110,91,90,12,1,,0,0,1,1,0,
F2,AS,20,02_14_15,3,F,F,Y,,,BK,2,2,4,2,4,,2,2,4,2,4,7,1,6/22/15,rhiz,128,108,82,29,1,,2,2,1,2,1,
F2,AS,22,02_12_15,4,N,N,N,,,BK,2,9,6,1,,3,2,1,4,2,1,3,1,6/17/15,rhiz,75,108,109,8,1,,1,1,1,0,1,
F2,AS,24,02_05_15,3,B,N,N,,,DLR,8,3,4,2,1,4,3,1,5,2,1,5,0,5/20/15,,64,106,79,13,0,,0,0,0,1,1,
F2,AS,26,02_14_15,3,F,F,N,,,BK,4,4,3,2,2,6,2,1,3,2,3,5,1,6/23/15,rhiz,122,131,41,33,1,,,,,,,
F2,AS,28,02_12_15,4,B,N,Y,,,BK,3,5,9,2,3,5,2,3,4,2,3,6,1,6/17/15,large rhiz,98,103,62,23,1,,,,,,,
F2,AS,30,02_14_15,4,F,B,N,,,BK,3,5,3,4,1,5,3,2,5,2,3,6,0,6/16/15,no rhiz,93,114,79,31,0,,1,1,1,1,1,
F2,AS,32,02_11_15,3,B,N,N,,,DLR,6,3,2,2,2,3,1,,2,2,2,4,1,,rhiz,131,123,72,29,1,,0,0,0,0,1,
F2,AS,34,02_06_15,3,F,N,Y,,,DLR,7,5,4,1,,6,2,4,5,2,3,6,1,6/1/15,rhiz (lots),110,93,89,17,1,,0,0,1,1,0,
F2,AS,36,02_14_15,4,F,B,Y,,,BK,3,4,4,2,2,5,2,1,7,2,3,6,1,6/19/15,rhiz,106,114,113,21,1,,0,0,1,2,1,
F2,AS,38,02_05_15,2,F,F,Y,,,DLR,9,4,8,2,3,4,2,1,4,3,1,4,1,5/19/15,rhiz,,103,69,21,0,,2,2,1,1,0,
F2,AS,40,02_05_15,5,B,B,Y,,,DLR,2,3,4,3,2,5,3,2,6,4,2,6,1,5/20/15,rhiz,,90,70,12,0,,1,1,0,2,2,
F2,AS,42,02_11_15,2,N,N,Y,,,DLR,3,4,4,2,2,3,2,2,2,1,,3,1,6/8/15,rhiz,103,105,59,37,0,,,,,,,
F2,AS,44,02_12_15,4,B,N,Y,,,DLR,5,5,3,2,1,5,2,2,6,2,2,6,1,6/4/15,rhiz,119,92,83,11,0,,1,1,0,1,0,
F2,AS,46,02_11_15,3,F,N,N,,,DLR,6,4,3,2,1,5,3,3,5,2,3,4,0,6/4/15,,107,83,59,21,0,,0,0,0,1,1,
F2,AS,48,02_12_15,2,B,N,Y,,,DLR,4,3,5,2,3,6,3,4,6,4,4,6,1,6/1/15,rhiz,137,122,49,18,0,,1,1,2,0,0,
F2,AS,50,02_12_15,3,N,N,N,,,DLR,3,3,5,2,2,4,3,4,8,2,3,5,1,6/10/15,rhiz,63,89,103,8,0,,,,,,,
F2,AS,52,02_06_15,2,N,N,Y,,,DLR,13,6,9,2,12,5,2,5,6,2,4,6,1,6/4/15,rhiz (lots),83,80,92,10,1,,1,1,2,1,1,
F2,AS,54,02_12_15,3,F,F,N,,,DLR,2,0,6,3,1,4,2,2,4,2,1,2,1,5/14/15,rhiz,103,94,71,14,0,,2,2,,0,0,
F2,AS,56,02_05_15,3,N,N,N,,,DLR,6,12,2,2,3,5,3,1,3,2,1,3,0,6/2/15,,102,89,75,10,0,,0,0,2,1,2,
F2,AS,58,02_14_15,2,B,N,N,,,BK,3,4,6,2,2,6,4,3,4,2,1,3,0,6/23/15,no rhiz,85,91,55,20,1,,,,,,,
F2,AS,60,02_05_15,3,F,F,N,,,DLR,2,4,1,3,1,3,2,1,4,1,1,2,1,5/26/15,rhiz,128,,,,0,,1,1,1,1,1,
F2,AS,62,02_15_15,4,F,B,Y,,,BK,3,1,4,2,3,5,4,1,6,2,2,6,1,6/17/15,rhiz,83,108,54,23,0,,2,2,1,1,1,
F2,AS,64,02_05_15,3,B,B,N,,,DLR,2,2,3,2,1,5,2,1,5,4,1,5,0,6/4/15,,92,88,58,33,0,,2,2,1,1,2,
F2,AS,66,02_12_15,3,F,F,Y,,,DLR,3,11,2,2,2,6,2,3,4,2,2,3,1,6/18/15,rhiz,,101,76,24,1,,1,1,0,1,1,
F2,AS,68,02_12_15,2,B,N,Y,,,DLR,3,2,2,2,2,5,2,2,4,2,4,9,1,6/11/15,rhiz,135,92,82,16,0,,,,,,,
F2,AS,70,02_14_15,3,B,B,Y,,,BK,5,5,3,2,1,4,2,1,4,3,2,5,1,6/23/15,rhiz,119,112,87,23,0,,1,1,1,0,0,
F2,AS,72,02_15_15,3,F,F,N,,,BK,9,7,9,2,3,5,2,3,4,2,3,5,0,6/15/15,,115,93,90,16,1,,1,1,1,0,1,
F2,AS,74,02_14_15,2,F,F,N,,,BK,3,5,3,2,2,4,2,1,5,3,2,4,1,6/17/15,rhiz (few),98,128,53,20,0,,1,1,0,0,1,
F2,AS,76,02_14_15,2,F,F,Y,,,BK,5,5,7,2,2,1,1,,3,2,3,2,1,6/23/15,rhiz,114,,83,17,0,,1,1,1,1,2,
F2,AS,78,02_15_15,3,B,B,Y,,,BK,3,4,8,3,4,5,4,1,7,4,5,7,1,6/17/15,rhiz (few),126,113,61,15,0,,1,1,1,1,1,
F2,AS,80,02_15_15,3,F,F,Y,,,BK,3,2,1,2,2,5,2,1,4,2,2,4,1,6/17/15,rhiz,115,115,56,29,0,,2,2,0,0,1,
F2,AS,82,02_12_15,3,F,B,N,,,BK,6,2,3,2,2,6,3,1,5,3,1,6,1,5/14/15,rhiz,96,75,67,14,0,,2,2,1,2,1,
F2,AS,84,02_14_15,2,F,B,N,,,BK,4,4,3,2,3,5,2,1,4,2,1,4,0,6/23/15,,,141,66,31,0,,1,1,1,1,2,
F2,AS,86,02_12_15,4,F,F,N,,,DLR,7,5,5,2,3,5,2,1,3,2,3,4,1,6/17/15,rhiz,89,101,74,17,0,,2,2,1,0,1,
F2,AS,88,02_05_15,2,B,B,N,,,DLR,2,1,2,2,4,6,1,,5,1,,8,0,5/22/15,,106,120,40,25,0,,2,2,0,0,1,
F2,AS,90,02_12_15,3,F,B,Y,,,BK,,,,,,,,,,,,,,,,74,,55,26,1,,1,1,0,2,0,
F2,AS,92,02_06_15,3,F,B,N,,,DLR,9,9,4,2,1,2,2,2,2,2,2,6,0,6/1/15,,,98,55,26,1,,1,1,1,2,1,
F2,AS,94,02_05_15,2,F,B,N,,,DLR,5,4,3,3,6,7,2,4,6,3,4,7,0,5/22/15,,91,,53,27,1,,2,2,1,1,2,
F2,AS,96,02_12_15,2,F,F,Y,,,BK,6,4,2,3,6,8,4,4,8,2,4,5,1,6/19/15,rhiz,98,110,53,21,1,,2,2,0,1,2,
F2,AS,98,02_14_15,3,F,F,N,,,BK,2,3,2,2,1,6,2,2,5,2,1,5,0,6/19/15,,115,102,52,27,0,,1,1,1,2,1,
F2,AS,100,02_15_15,3,F,B,Y,,,BK,4,9,6,1,,5,1,,5,1,,6,1,6/16/15,rhiz,120,99,90,17,1,,0,0,1,1,1,
F2,AS,102,02_12_15,2,F,F,N,,,DLR,3,3,3,2,2,4,3,2,5,3,3,6,1,6/19/15,rhiz,106,102,49,22,0,,,,,,,
F2,AS,104,02_11_15,3,B,N,N,,,DLR,13,6,12,2,1,5,2,3,6,2,3,6,0,6/4/15,no rhiz,92,107,77,18,1,,,,,,,
F2,AS,106,02_05_15,3,F,B,N,,,DLR,1,0,1,3,1,4,3,1,4,3,1,4,0,5/18/15,,90,97,77,27,0,,1,1,0,1,1,
F2,AS,108,02_06_15,4,B,N,Y,2 plants?,,DLR,5,7,6,2,3,3,2,3,2,1,0,3,1,6/1/15,rhiz,,117,81,17,1,,1,1,2,,,108 A and 108 B have different SOC genotype.
F2,AS,110,02_11_15,2,F,B,N,,,DLR,4,4,1,2,1,1,2,2,4,1,,2,0,6/9/15,,,97,69,13,0,,2,2,2,0,1,
F2,AS,112,02_15_15,3,N,N,Y,,,BK,5,3,,2,5,6,3,2,4,3,2,5,1,6/16/15,rhiz (lots),,91,91,6,1,,1,1,2,1,2,
F2,AS,114,02_12_15,3,B,B,Y,,,BK,5,4,6,3,3,7,2,1,4,2,1,3,1,6/23/15,rhiz,83,110,73,17,1,,1,1,1,1,1,
F2,AS,116,02_14_15,3,F,B,N,,,BK,4,5,7,1,,6,1,,5,2,2,6,0,6/23/15,,70,48,101,13,1,,1,1,2,2,2,
F2,AS,118,02_12_15,3,F,B,N,,,DLR,2,4,3,2,3,6,2,4,5,2,1,4,1,6/11/15,rhiz,,103,102,17,0,,1,1,2,2,1,
F2,AS,120,02_12_15,4,F,N,Y,,,BK,6,5,,3,1,4,2,1,4,,,,1,6/10/15,rhiz,108,84,87,3,1,,0,0,0,1,0,
F2,AS,122,02_05_15,2,N,N,N,,,DLR,6,3,4,2,3,5,2,4,5,3,4,5,0,5/29/15,,,108,80,20,0,,1,1,1,1,2,
F2,AS,124,02_12_15,4,F,F,N,,,DLR,7,4,5,1,,2,1,,4,1,,3,1,6/18/15,big rhiz,82,86,98,4,0,,1,1,0,0,0,
F2,AS,126,02_12_15,3,F,F,N,,,DLR,5,2,2,2,3,6,2,2,3,2,2,3,1,6/18/15,RHIZ,,100,77,20,1,,1,1,0,0,1,
F2,AS,128,02_12_15,3,F,B,Y,,,BK,6,4,4,2,2,3,3,2,4,1,,3,1,6/10/15,rhiz (few),88,78,68,16,1,,1,1,2,0,1,
F2,AS,130,02_05_15,2,F,B,Y,,,DLR,4,9,7,1,,4,2,2,5,2,3,6,0,5/28/15,,108,90,82,26,0,,1,1,0,0,0,
F2,AS,132,02_12_15,3,F,B,N,,,DLR,4,3,4,3,1,4,2,1,5,2,5,7,0,6/8/15,,122,102,42,25,1,,2,2,0,0,1,
F2,AS,134,02_14_15,3,N,N,N,,,BK,7,4,5,2,1,3,3,3,5,3,2,4,1,6/23/15,rhiz,,79,90,10,0,,0,0,1,1,2,
F2,AS,136,02_12_15,3,F,B,N,,,DLR,4,10,7,2,2,5,2,1,5,3,1,5,0,5/14/15,,85,71,95,14,0,,2,2,0,1,0,
F2,AS,138,02_06_15,2,F,N,N,,,DLR,5,2,3,2,1,3,2,1,4,2,3,5,0,,,148,92,66,22,1,,2,2,2,1,1,
F2,AS,140,02_12_15,4,F,B,N,,,BK,6,1,8,1,,4,1,,5,1,,4,1,5/19/15,rhiz,94,91,85,7,1,,1,1,2,2,1,
F2,AS,142,02_05_15,4,F,B,N,,,DLR,6,8,4,3,1,4,3,2,5,3,1,5,0,5/19/15,,48,129,66,12,0,,2,2,0,0,0,
F2,AS,144,02_12_15,4,F,B,N,,,BK,5,8,5,1,,0,1,,0,2,3,5,0,6/17/15,no rhiz,134,94,109,14,1,,,,,,,
F2,AS,146,02_05_15,3,F,F,N,,,DLR,5,5,3,2,1,5,1,,4,2,3,5,0,5/29/15,,101,109,71,32,0,,1,1,1,2,0,
F2,AS,148,02_11_15,3,F,F,N,,,DLR,,,,,,,,,,,,,,,,,97,45,31,0,,2,2,1,1,1,
F2,AS,150,02_05_15,3,F,B,Y,,,DLR,4,5,5,1,1,8,3,6,7,1,,5,0,5/22/15,,78,,109,22,0,,2,2,1,0,1,
F2,AS,152,02_05_15,3,F,B,N,,,DLR,6,3,5,2,2,5,2,2,5,2,1,4,0,5/18/15,,60,95,76,14,1,,2,2,1,0,1,
F2,AS,154,02_05_15,2,F,B,N,,,DLR,5,4,5,2,4,7,2,5,6,2,1,6,1,6/1/15,rhiz,102,,72,20,1,,1,1,1,2,1,
F2,AS,156,02_12_15,3,F,B,N,,,BK,1,4,3,2,2,4,2,2,4,3,2,4,0,6/10/15,,106,90,52,24,0,,1,1,1,1,0,
F2,AS,158,02_05_15,3,F,B,Y,,,DLR,3,3,3,2,2,4,2,2,5,3,2,4,1,6/9/15,rhiz,134,126,103,17,0,,1,1,0,1,1,
F2,AS,160,02_12_15,3,F,F,N,,,DLR,6,2,1,3,3,5,3,5,7,2,3,4,0,6/4/15,,88,110,81,22,0,,1,1,1,2,2,
F2,AS,162,02_12_15,3,N,N,Y,,,BK,5,4,5,2,3,6,2,3,5,1,,2,1,6/19/15,rhiz,81,87,52,8,0,,1,1,0,1,0,
F2,AS,164,02_12_15,2,N,N,N,,,DLR,5,6,4,2,2,4,2,2,1,2,2,3,0,6/18/15,no rhiz,116,115,69,19,0,,1,1,0,1,1,
F2,AS,166,02_06_15,3,F,N,Y,,,DLR,9,4,8,1,0,1,1,0,2,2,2,5,1,6/1/15,rhiz,59,95,109,14,0,,2,2,2,1,1,
F2,AS,168,02_06_15,2,N,N,N,,,DLR,2,3,3,2,1,4,2,3,5,2,1,5,1,6/2/15,rhiz,81,84,52,15,0,,1,1,0,0,1,
F2,AS,170,02_14_15,3,N,N,Y,,,BK,11,7,9,3,1,4,2,2,4,3,1,5,1,6/16/15,rhiz (few),80,93,86,28,0,,2,2,0,0,0,
F2,AS,172,02_12_15,3,F,F,N,,,DLR,4,3,4,2,2,6,2,1,5,2,3,5,0,6/8/15,nearly dead,103,97,49,16,0,,2,2,0,2,1,
F2,AS,174,02_12_15,2,F,B,N,,,BK,3,5,4,2,1,3,2,3,5,2,3,5,0,6/19/15,no rhiz,,97,117,18,1,,1,1,1,0,1,
F2,AS,176,02_12_15,4,F,F,Y,,,DLR,4,2,2,2,2,8,3,3,6,3,3,6,1,6/1/15,rhiz,138,124,64,25,0,,,,,,2,
F2,AS,178,02_11_15,4,F,F,N,,,DLR,3,1,2,2,3,6,2,1,3,2,4,7,1,6/8/15,rhiz,97,98,87,26,0,,2,2,1,1,2,
F2,AS,180,02_05_15,3,F,F,Y,,,DLR,2,4,2,3,2,5,3,1,5,2,1,5,1,6/9/15,rhiz,116,98,80,19,1,,1,1,1,2,1,
F2,AS,182,02_15_15,4,F,F,N,,,BK,3,4,4,2,3,5,2,2,4,2,2,4,0,6/23/15,no rhiz,93,94,40,27,0,,,,,,,
F2,AS,184,02_05_15,4,B,N,Y,,,DLR,8,6,3,2,3,5,2,3,6,2,3,4,0,5/20/15,,76,89,75,11,0,,1,1,1,0,2,
F2,AS,186,02_05_15,3,N,N,N,,,DLR,4,9,6,2,5,7,2,5,5,2,4,5,0,5/22/15,,87,,95,23,0,,1,1,,2,1,
F2,AS,188,02_12_15,2,N,N,Y,,,DLR,2,2,4,2,2,4,2,1,3,2,1,3,1,6/10/15,rhiz,106,100,81,15,0,,2,2,2,0,0,
F2,AS,190,02_05_15,2,N,N,Y,,,DLR,3,4,4,4,1,4,3,1,3,4,1,4,1,6/9/15,rhiz,87,81,90,14,0,,1,1,1,0,1,
F2,AS,192,02_12_15,3,N,N,Y,,,DLR,,,,,,,,,,,,,,6/17/16,deceased,135,129,81,14,0,,,,,,,
F2,AS,194,02_06_15,3,B,B,N,,,DLR,2,2,3,3,2,6,3,4,6,3,2,5,1,6/3/15,rhiz. (few),136,125,79,21,0,,1,1,1,1,1,
F2,AS,196,02_05_15,3,B,N,N,,,DLR,,,,,,,,,,,,,1,6/2/15,no inflorescences,96,105,109,0,0,,0,0,1,1,1,
F2,AS,198,02_12_15,3,F,B,Y,,,DLR,,,,,,,,,,,,,,,,100,74,93,12,1,,,,,,,
F2,AS,200,02_12_15,3,F,F,N,,,BK,6,3,5,3,1,5,3,1,5,3,1,5,1,16-May-15,,,73,80,18,1,,2,2,1,1,0,
F2,AS,202,02_12_15,2,N,N,N,,,DLR,6,6,5,3,3,5,1,,2,2,1,2,1,10-Jun-15,,98,77,72,10,1,,0,0,1,1,0,
F2,AS,204,02_12_15,2,F,B,Y,,,BK,2,6,2,2,1,4,2,1,5,3,1,4,1,10-Jun-15,,,89,54,17,1,,2,2,1,0,1,
F2,AS,206,02_06_15,3,F,F,N,,,DLR,6,1,4,2,1,5,1,,3,2,2,6,1,4-Jun-15,,133,96,50,31,1,,1,1,0,1,0,
F2,AS,208,02_11_15,2,F,F,N,,,DLR,5,2,7,2,2,3,2,4,6,2,3,5,0,9-Jun-15,,,98,29,25,0,,2,2,0,2,0,
F2,AS,210,02_12_15,4,F,B,N,,,DLR,5,2,4,2,1,3,2,2,3,2,3,4,1,10-Jun-15,,89,90,74,17,0,,,,,,,
F2,AS,212,02_12_15,2,N,N,N,,,BK,2,3,5,2,1,4,2,4,5,2,2,6,0,19-Jun-15,,127,100,89,6,1,,0,0,2,1,1,
F2,AS,214,02_12_15,2,B,N,Y,,,BK,5,3,4,2,2,5,2,2,4,2,4,6,1,19-Jun-15,,105,109,90,15,0,,0,0,0,1,2,
F2,AS,216,02_15_15,5,F,B,Y,,,BK,3,5,7,2,3,5,2,3,5,1,,4,0,16-Jun-15,,127,106,82,16,1,,0,0,1,0,1,
F2,AS,218,02_12_15,3,F,F,N,,,BK,3,4,7,2,1,4,1,,3,1,,2,1,23-Jun-15,,97,93,59,26,0,,1,1,2,1,0,
F2,AS,220,02_12_15,2,B,N,Y,,,BK,4,5,9,2,4,6,2,2,3,3,4,6,1,18-Jun-15,,,105,105,14,1,,1,1,1,0,1,
F2,AS,222,02_06_15,3,F,B,N,,,DLR,3,6,4,3,2,6,2,2,5,3,3,7,0,2-Jun-15,,89,96,76,27,1,,2,,1,2,0,
F2,AS,224,02_05_15,2,N,N,N,,,DLR,0,2,3,2,1,4,2,2,4,2,3,6,0,14-May-15,,55,127,96,18,0,,1,1,2,1,2,
F2,AS,226,02_05_15,3,F,N,N,,,DLR,3,4,1,2,1,5,2,1,5,2,2,5,0,20-May-15,,91,99,77,11,0,,0,0,1,1,1,
F2,AS,228,02_11_15,3,B,B,Y,,,DLR,3,4,4,2,1,3,2,3,6,1,,2,1,9-Jun-15,,,115,81,31,0,,2,2,0,1,2,
F2,AS,230,02_14_15,4,B,N,N,,,BK,3,3,3,2,1,3,2,2,5,2,1,4,0,19-Jun-15,,102,101,81,24,0,,1,1,2,1,1,
F2,AS,232,02_11_15,3,F,N,Y,,,DLR,16,6,7,3,2,9,3,1,6,2,2,8,1,4-Jun-15,,120,97,93,15,0,,1,1,2,2,0,
F2,AS,234,02_12_15,2,B,B,Y,,,DLR,3,4,3,3,4,6,3,3,5,3,4,7,1,11-Jun-15,,112,135,141,22,1,,,,,,,
F2,AS,236,02_12_15,3,F,B,Y,,,DLR,4,5,1,2,4,6,2,1,9,3,1,4,1,8-Jun-15,,111,91,68,14,1,,1,1,1,0,0,
F2,AS,238,02_14_15,3,B,B,Y,,,BK,5,3,4,3,1,4,3,3,5,2,1,3,1,15-Jun-15,rhiz. (few),118,108,66,18,1,,2,2,0,0,1,
F2,AS,240,02_05_15,2,F,N,N,,,DLR,9,3,3,3,1,8,3,2,4,2,3,4,0,14-May-15,"S6 corrected from 3,4,2 to 2,3,4.",75,63,83,6,0,,1,1,1,2,0,
F2,AS,242,02_06_15,2,B,N,N,,,DLR,2,2,3,3,3,5,3,3,5,3,2,5,0,2-Jun-15,,125,116,58,13,0,,1,1,2,1,1,
F2,AS,244,02_12_15,2,N,N,N,,,DLR,2,4,5,2,1,2,2,1,3,2,2,3,1,17-Jun-15,,106,104,72,9,0,,,,,,,
F2,AS,246,02_05_15,4,N,N,N,,,DLR,1,3,2,2,5,6,2,5,6,1,5,6,0,22-May-15,"S5 corrected from 2,6,5 to 2,5,6.",87,91,67,15,,,0,0,1,1,1,
F2,AS,248,02_12_15,3,F,B,N,,,BK,7,11,5,2,1,6,2,1,4,1,,5,0,10-Jun-15,,101,92,102,10,0,,0,0,,,,Two with this number; contradictory LFY genotypes
F2,AS,250,02_11_15,3,F,N,N,,,DLR,3,2,3,3,3,5,3,3,4,2,1,5,1,8-Jun-15,,91,123,69,19,0,,1,1,0,2,2,
F2,AS,252,02_11_15,3,B,B,N,,,DLR,1,5,3,2,2,4,2,2,4,1,,3,1,9-Jun-15,,,99,66,24,1,,,,1,,,Three with this number; contradictory genotypes
F2,AS,252,02_12_15,3,B,B,N,,,BK,4,3,4,2,1,4,1,,3,2,2,4,0,10-Jun-15,Relabeled F2-AS-252B,81,116,83,21,0,,,,1,,,
F2,AS,254,02_12_15,3,F,B,Y,,,DLR,3,4,2,2,3,6,2,4,6,2,3,6,1,8-Jun-15,254A,120,107,50,18,1,,,,1,,,Three with this number; contradictory genotypes
F2,AS,254,02_15_15,2,F,F,N,,,BK,0,1,0,3,1,7,3,1,5,3,2,6,1,16-Jun-15,254B,115,97,32,17,0,,2,2,2,,,
F2,AS,256,02_12_15,2,F,N,N,,,BK,4,3,5,2,2,4,2,1,3,2,1,3,1,23-Jun-15,256A (not labeled?).  Very few rhiz.,,99,73,19,0,,0,0,1,,,Three with this number; contradictory genotypes
F2,AS,256,02_14_15,3,F,F,N,,,BK,4,6,7,1,,3,1,,2,2,2,5,0,23-Jun-15,256B (not labeled?),92,108,32,23,0,,1,1,1,,,
F2,AS,258,02_05_15,2,N,N,N,,,DLR,5,4,2,2,3,5,2,3,4,3,2,3,1,18-May-15,Very well-developed lateral veg. shoots.,132,88,72,14,0,,0,0,,2,2,
F2,AS,260,02_05_15,5,B,F,N,,,DLR,5,3,2,2,1,4,2,1,4,2,3,5,1,9-Jun-15,,97,101,81,23,1,,,,1,,0,
F2,AS,262,02_06_15,3,F,F,N,,,DLR,2,3,5,1,,5,2,3,5,2,3,5,0,1-Jun-15,,128,73,75,17,0,,,,1,0,0,
F2,AS,264,02_05_15,3,B,N,N,,,DLR,3,3,5,1,,5,1,,4,1,,5,1,2-Jun-15,,124,103,90,18,1,,1,1,1,0,1,
F2,AS,266,02_06_15,2,F,B,N,,,DLR,5,9,4,2,4,6,2,3,5,2,4,5,1,2-Jun-15,few rhizomes,92,66,61,11,1,,,,,,,
F2,AS,268,02_12_15,3,N,N,Y,,,BK,5,8,3,2,2,4,2,1,2,2,3,4,1,23-Jun-15,"Corrected S5 from 2,2,1 to 2,1,2; and S6 from 2,4,3 to 2,3,4.",92,105,113,6,1,,1,1,1,,2,
F2,AS,270,02_05_15,3,F,B,N,,,DLR,5,5,7,2,1,4,2,3,6,2,2,9,0,20-May-15,,108,102,59,14,1,,1,1,1,0,0,
F2,AS,272,02_05_15,3,F,B,N,,,DLR,4,5,3,1,,4,3,2,4,3,4,5,0,19-May-15,,124,113,53,24,0,,1,1,1,0,0,
F2,AS,274,02_14_15,3,F,N,N,,,BK,7,4,1,1,,3,1,,2,1,,1,1,23-Jun-15,"Corrected S6 from 1,-,0 to 1,-,1.",84,73,96,4,0,,0,0,0,1,2,
F2,AS,276,02_14_15,3,F,B,Y,,,BK,5,4,3,2,6,7,2,3,6,2,3,4,1,23-Jun-15,,100,117,110,25,0,,0,0,2,2,1,
F2,AS,278,02_11_15,3,F,B,N,,,DLR,5,2,3,2,5,7,2,1,2,1,,2,1,4-Jun-15,"S5 corrected from 2,1,1 to 2,1,2",,115,79,19,1,,2,2,1,2,1,
F2,AS,280,02_05_15,2,F,F,N,,,DLR,1,2,2,3,3,5,2,3,5,3,2,4,0,18-May-15,,100,95,88,29,0,,2,2,1,,,
F2,AS,282,02_14_15,2,F,B,Y,mosaic lead,,BK,4,3,3,2,3,5,2,4,5,2,2,6,1,18-Jun-15,,126,113,63,21,1,,1,1,2,1,,
F2,AS,284,02_05_15,4,F,B,N,,,DLR,3,3,2,2,6,8,2,5,6,2,3,5,0,22-May-15,,89,,95,20,0,,1,1,1,1,,
F2,AS,286,02_12_15,3,F,B,N,,,BK,7,4,3,2,2,4,2,1,3,3,2,5,0,14-Jun-15,,106,116,73,28,1,,1,1,1,2,,
F2,AS,290,02_14_15,2,F,F,N,,,BK,4,3,4,2,2,5,3,3,5,3,3,5,0,15-Jun-15,,113,96,63,27,1,,2,2,1,2,,
F2,AS,292,02_05_15,3,N,N,N,,,DLR,7,6,6,2,3,5,2,2,4,2,5,7,1,28-May-15,Rhizome status scored from photo.,,92,104,25,1,,1,1,1,0,,
F2,AS,294,02_12_15,4,F,F,Y,,,DLR,4,5,6,3,2,5,2,3,4,3,2,5,0,1-Jun-15,,105,92,79,21,0,,,,,,,
F2,AS,296,02_06_15,2,F,B,N,,,DLR,3,9,6,2,2,3,3,3,4,2,3,3,0,1-Jun-15,,134,99,66,31,0,,1,1,1,1,,
F2,AS,298,02_12_15,2,F,F,Y,,,DLR,1,4,3,2,3,6,2,3,5,2,2,3,1,10-Jun-15,"S4 corrected from 2,3,3 to 2,3,6; S5 corrected from 2,3,2 to 2,3,5.",107,91,46,26,1,,2,2,0,0,,
F2,AS,300,02_05_15,3,F,N,N,,,DLR,5,5,2,2,4,5,2,3,5,3,2,4,1,10-Jun-15,,52,110,97,20,,,0,0,2,,,
F2,AS,302,02_12_15,3,B,N,N,,,DLR,4,9,3,2,3,4,3,3,5,3,4,6,0,17-Jun-15,,106,129,64,18,1,,,,,,,
F2,AS,304,02_12_15,3,F,B,N,,,BK,1,6,5,2,4,4,1,,4,2,3,5,0,23-Jun-15,"S4 data must have error.  S6 corrected from 2,3,2 to 2,3,5.",84,104,88,18,0,,0,0,0,1,,
F2,AS,306,02_12_15,4,F,F,N,,,DLR,4,5,5,2,3,5,2,1,5,2,3,5,0,8-Jun-15,,131,130,95,29,1,,1,1,0,1,,
F2,AS,308,02_05_15,2,F,B,Y,,,DLR,5,3,6,2,1,6,1,,6,1,,4,1,26-May-15,Rhizome status scored from photo.,116,,67,20,0,,1,1,1,0,,
F2,AS,310,02_14_15,2,F,B,N,,,BK,1,5,4,3,2,5,2,3,4,2,3,5,1,18-Jun-15,,85,58,114,12,0,,2,2,1,2,,
F2,AS,312,02_05_15,3,N,N,Y,,,DLR,4,2,4,2,3,5,2,3,6,2,1,5,1,18-May-15,,108,81,85,17,0,,0,0,1,,,
F2,AS,314,02_06_15,2,F,N,N,,,DLR,10,9,8,4,1,4,3,2,4,3,2,7,1,3-Jun-15,rhiz (few),113,62,88,9,0,,2,2,0,0,,
F2,AS,316,02_12_15,2,F,B,N,,,DLR,5,10,3,2,2,3,2,2,4,2,2,4,0,10-Jun-15,,89,101,65,17,1,,2,2,2,0,,
F2,AS,318,02_12_15,3,F,N,N,,,DLR,1,1,3,2,1,3,2,1,2,2,1,3,1,11-Jun-15,,,90,81,22,1,,,,,,,
F2,AS,320,02_12_15,3,N,N,Y,,,BK,7,7,5,2,2,4,1,,3,2,1,3,1,23-Jun-15,"S4 corrected from 2,2,2 to 2,2,4.",96,102,109,11,0,,1,1,1,1,,
F2,AS,322,02_12_15,4,F,B,Y,,,BK,,,,,,,,,,,,,,,,72,90,103,20,1,,1,1,1,0,,
F2,AS,324,02_05_15,2,B,N,Y,,,DLR,3,7,4,3,2,4,3,1,4,3,3,4,0,20-May-15,,86,113,62,20,1,,2,2,1,0,,
F2,AS,326,02_12_15,3,N,N,N,,,BK,3,3,,1,,3,2,1,4,,,,1,17-Jun-15,few rhizomes,117,96,110,3,1,,,,,,,
F2,AS,328,02_05_15,3,F,F,Y,,,DLR,5,4,5,2,6,7,2,5,5,2,5,8,1,22-May-15,S5 data must have error.,110,,90,20,0,,2,2,1,1,,
F2,AS,330,02_06_15,2,B,B,Y,,,DLR,5,3,4,2,2,6,2,4,6,2,4,5,1,2-Jun-15,,145,114,76,19,1,,1,1,2,1,,
F2,AS,332,02_06_15,2,F,N,N,,,DLR,6,7,6,2,1,2,2,1,5,1,,3,1,1-Jun-15,,,87,84,14,1,,0,0,1,1,,
F2,AS,334,02_05_15,2,F,N,N,,,DLR,0,2,1,3,5,6,2,5,6,1,,5,1,22-May-15,"S5 corrected from 2,6,5 to 2,5,6.",89,,94,10,1,,1,1,0,1,,
F2,AS,336,02_05_15,4,F,N,N,,,DLR,7,9,3,2,2,4,1,,5,2,2,5,1,9-Jun-15,,71,79,88,15,0,,1,1,2,2,,
F2,AS,338,02_11_15,3,N,N,N,,,DLR,1,1,4,2,2,3,2,2,5,2,2,4,1,4-Jun-15,,65,96,79,12,,,1,1,0,2,,
F2,AS,340,02_12_15,4,B,B,Y,,,BK,5,3,4,2,1,3,1,,3,2,1,4,1,19-Jun-15,,140,111,91,17,0,,0,0,2,1,,
F2,AS,342,02_11_15,3,F,B,Y,,,DLR,4,2,1,2,4,6,2,3,4,2,2,5,1,10-Jun-15,,,92,63,13,0,,2,2,1,0,,
F2,AS,344,02_05_15,2,N,N,N,,,DLR,2,2,1,2,3,6,3,1,6,2,2,5,0,18-May-15,,113,98,51,16,0,,0,0,1,0,,
F2,AS,346,02_12_15,3,B,N,Y,,,BK,4,6,3,2,2,3,3,1,4,2,2,4,1,19-Jun-15,,73,72,95,15,0,,1,1,1,0,,
F2,AS,348,02_06_15,2,B,N,N,,,DLR,6,5,6,2,4,5,3,3,5,2,3,5,1,2-Jun-15,few rhizomes,94,134,57,26,0,,2,2,1,0,,
F2,AS,350,02_12_15,3,B,B,Y,,,BK,3,6,6,2,2,5,2,3,4,2,3,6,1,10-Jun-15,,78,99,91,13,1,,0,0,1,1,,
F2,AS,352,02_12_15,3,N,N,Y,,,DLR,8,14,10,2,3,5,2,2,5,1,,4,1,1-Jun-15,,77,99,112,5,1,,,,,,,
F2,AS,354,02_11_15,2,F,N,Y,,,DLR,3,5,3,2,2,4,2,2,6,2,3,4,1,9-Jun-15,,100,127,64,25,0,,2,2,2,0,,
F2,AS,356,02_12_15,2,F,F,N,,,BK,4,2,3,2,1,3,1,,2,3,3,5,1,19-Jun-15,,87,95,92,23,0,,2,2,1,1,,
F2,AS,358,02_05_15,2,F,F,N,Older leaves are red,,DLR,4,5,4,1,,1,2,2,4,2,2,3,0,26-May-15,"Corrected S4 from 1,1,0 to 1,-,1",130,,95,15,1,,2,2,1,1,,
F2,AS,360,02_12_15,2,F,B,N,,,BK,,,,,,,,,,,,,,,,70,68,97,12,1,,,,,,,
F2,AS,362,02_12_15,3,B,B,N,,,DLR,10,9,10,2,1,4,2,1,4,2,1,4,1,11-Jun-15,rhiz. (few),79,93,67,15,0,,1,1,1,0,,
F2,AS,364,02_15_15,3,B,B,N,,,BK,7,4,6,2,3,5,2,2,5,2,3,5,0,15-Jun-15,,78,97,91,25,0,,1,1,1,0,,
F2,AS,366,02_06_15,2,B,N,Y,,,BK,6,1,2,2,2,5,2,2,4,3,2,5,1,4-Jun-15,rhiz. (few),53,123,102,18,0,,2,2,2,0,,
F2,AS,370,02_12_15,2,F,N,N,,,,14,0,6,3,3,5,3,1,4,3,1,6,0,14-May-15,,117,92,80,7,0,,1,1,0,0,,
F2,AS,372,02_06_15,2,B,B,Y,,,DLR,6,8,0,2,3,4,2,4,5,1,,1,1,2-Jun-15,,,137,71,17,1,,2,2,0,1,,
F2,AS,374,02_06_15,2,F,N,N,,,DLR,3,3,2,2,1,3,2,3,6,2,1,3,1,2-Jun-15,,101,77,82,16,1,,1,1,2,1,,
F2,AS,376,02_06_15,2,F,N,N,,,DLR,8,7,5,1,,3,2,1,2,1,,6,0,1-Jun-15,,47,124,72,16,0,,2,2,1,0,,
F2,BS,272,,,,,,,,,6,1,3,3,2,6,3,3,4,3,2,7,1,17-Jun-15,This is label on tag.  Should be F2-BS1-272?,75,104,54,13,,,,,,,,
F2,BS1,2,02_05_15,3,F,F,N,,,DLR,3,2,1,1,,3,2,1,5,3,2,6,1,26-May-15,,77,,40,27,0,,,,,,,
F2,BS1,4,02_11_15,4,N,N,Y,,,DLR,10,8,4,2,1,4,2,1,4,2,1,4,1,4-Jun-15,,,95,63,22,0,,,,0,0,,
F2,BS1,6,02_05_15,2,N,N,Y,,,DLR,3,1,2,3,1,4,3,1,3,3,1,4,1,2-Jun-15,,101,109,56,23,1,1,,1,0,1,,
F2,BS1,8,02_12_15,4,F,B,Y,,,DLR,8,1,4,1,,3,2,1,4,2,3,5,1,17-Jun-15,,66,102,55,30,1,,,,,,,
F2,BS1,10,02_12_15,2,F,F,Y,,,DLR,5,2,3,3,1,4,3,3,5,3,3,5,1,10-Jun-15,,,92,57,26,1,2,,2,0,1,,
F2,BS1,12,02_12_15,2,B,B,N,,,BK,3,4,3,2,2,4,3,2,4,4,1,3,1,10-Jun-15,,68,75,81,15,1,1,,1,2,0,,
F2,BS1,14,02_12_15,3,F,N,N,,,DLR,6,4,7,3,3,6,2,1,4,2,1,6,0,1-Jun-15,,75,74,70,17,0,,,,,,,
F2,BS1,16,02_12_15,4,N,N,Y,,,DLR,3,1,7,3,2,5,2,1,4,3,3,6,1,17-Jun-15,,66,86,43,28,1,,,,,,,
F2,BS1,18,02_12_15,3,F,B,N,,,BK,4,4,1,3,2,5,3,3,5,2,1,6,0,23-Jun-15,,88,90,27,25,1,2,,2,1,1,,
F2,BS1,20,02_12_15,2,B,N,Y,,,DLR,3,4,5,2,3,5,3,3,6,2,2,6,1,9-Jun-15,,75,74,83,18,1,1,,1,1,0,,
F2,BS1,22,02_15_15,3,F,B,Y,purple flowers (2),,BK,3,3,3,2,3,5,2,2,5,2,3,6,1,17-Jun-15,,103,114,78,27,1,2,,2,1,0,,
F2,BS1,23,02_05_15,3,B,N,N,,,DLR,1,2,2,2,2,5,2,1,5,3,2,4,0,2-Jun-15,,,84,70,23,1,2,,2,1,0,,
F2,BS1,26,02_06_15,2,F,B,N,,,DLR,4,8,7,3,2,9,3,1,7,1,,4,0,1-Jun-15,,,117,59,20,1,,,,0,1,,
F2,BS1,28,02_06_15,3,F,N,N,Should be F2-BS1-28??,,BK,2,3,3,2,4,5,2,2,3,2,5,5,1,22-May-15,,122,109,63,15,1,1,,1,1,1,,
F2,BS1,30,02_12_15,2,B,N,N,,,DLR,4,6,4,3,3,5,4,1,4,2,3,5,0,11-Jun-15,,116,126,71,23,0,0,,0,1,1,,
F2,BS1,32,02_06_15,2,F,B,Y,,,BK,1,2,2,3,1,5,2,1,5,3,1,6,1,2-Jul-15,32A,,119,71,11,1,1,,1,1,0,,
F2,BS1,34,02_12_15,3,F,F,Y,,,BK,3,3,4,2,3,5,2,1,4,2,1,3,1,19-Jun-15,,124,104,55,26,1,2,,2,1,0,,
F2,BS1,36,02_05_15,2,N,N,N,,,DLR,2,3,2,2,2,5,2,1,2,3,2,3,0,20-May-15,Very short lower cauline internodes.,102,90,51,13,1,1,,1,2,1,,
F2,BS1,38,02_12_15,3,B,N,Y,,,DLR,3,5,2,4,2,6,3,3,5,3,3,7,1,18-Jun-15,few rhizomes,106,88,66,16,1,,,,,,,Needs to be redone
F2,BS1,39,02_12_15,2,B,N,Y,,,DLR,2,4,2,2,1,6,2,4,4,2,2,4,1,10-Jun-15,S5 data anomalous. -- rhiz. (few),95,102,66,19,1,,,,1,1,,
F2,BS1,40,02_05_15,2,B,N,Y,,,DLR,3,4,4,3,1,3,2,2,3,2,1,3,1,2-Jul-15,,96,94,83,21,1,,,,0,0,,
F2,BS1,42,02_15_15,3,F,B,Y,,,BK,4,3,4,3,2,6,2,1,4,2,1,4,1,17-Jun-15,,92,93,59,20,1,1,,1,1,0,,
F2,BS1,44,02_06_15,3,F,B,N,,,DLR,3,4,6,2,1,3,2,4,5,2,4,4,0,2-Jun-15,,99,100,49,24,0,1,,1,1,0,,
F2,BS1,46,02_06_15,2,B,N,N,,,DLR,6,4,3,3,1,6,2,1,4,4,3,6,0,,,85,87,52,25,1,0,,0,0,1,,
F2,BS1,48,02_12_15,3,B,B,N,,,DLR,5,7,5,2,1,4,3,1,4,3,2,5,1,4-Jun-15,,103,85,73,26,1,1,,1,0,0,,
F2,BS1,50,02_12_15,2,B,N,N,,,BK,5,4,2,3,1,4,3,2,4,3,1,5,0,10-Jun-15,,77,79,80,16,1,0,,0,1,1,,
F2,BS1,52,02_11_15,4,N,N,Y,,,DLR,3,4,3,2,2,3,3,2,4,2,1,3,1,8-Jun-15,,86,69,71,27,1,0,,0,0,1,,
F2,BS1,54,02_12_15,2,B,B,Y,,,DLR,4,3,4,3,3,6,2,3,8,3,2,5,1,18-Jun-15,,78,107,,,1,1,,1,0,1,,
F2,BS1,56,02_12_15,4,N,F,Y,,,BK,4,2,3,2,2,5,2,2,5,3,3,5,1,20-May-15,,88,60,91,13,0,1,,1,0,0,,
F2,BS1,58,02_14_15,4,B,B,Y,,,BK,1,2,1,4,1,5,4,1,4,3,2,4,1,22-Jun-15,,92,92,66,21,1,0,,0,2,1,,
F2,BS1,62,02_15_15,4,F,F,N,,,BK,3,5,4,2,4,6,2,3,5,2,3,6,0,23-Jun-15,,118,81,44,23,0,2,,2,1,0,,
F2,BS1,64,02_15_15,2,N,N,N,,,BK,5,4,4,3,1,4,3,1,3,3,1,4,1,19-Jun-15,,84,92,84,19,0,1,,1,1,0,,
F2,BS1,66,02_12_15,4,F,N,Y,,,DLR,2,3,4,2,3,5,1,,2,1,,1,1,17-Jun-15,,81,78,91,13,1,,,,,,,
F2,BS1,68,02_06_15,3,N,N,N,,,BK,,,,,,,,,,,,,,,,,,,,,1,,1,,0,,
F2,BS1,68,02_12_15,3,B,N,N,,,DLR,0,1,1,3,1,6,3,1,6,2,1,5,1,18-May-15,,103,85,57,17,0,,,,2,0,,
F2,BS1,70,02_05_15,2,F,N,N,,,DLR,4,2,7,3,1,5,4,1,4,4,2,6,0,10-Jun-15,,106,108,71,17,0,1,,1,2,0,,
F2,BS1,72,02_05_15,2,B,B,N,,,DLR,,,,,,,,,,,,,,,Dead 6/10/15,99,88,,13,0,0,,0,1,1,,
F2,BS1,74,02_06_15,2,F,F,Y,,,BK,4,3,4,3,3,5,3,3,4,3,2,5,1,4-Jun-15,,86,100,77,30,0,,,,,,,
F2,BS1,76,02_12_15,3,N,N,Y,,,BK,2,4,5,2,1,3,2,3,5,,,,1,18-Jun-15,,134,104,133,8,0,0,,0,1,1,,Duplicate is Ma/Ma at PIN1
F2,BS1,78,02_12_15,2,N,N,Y,,,DLR,3,5,3,2,2,4,2,1,4,2,1,5,1,4-Jun-15,,80,117,93,30,1,,,,1,,,
F2,BS1,80,02_14_15,3,F,F,Y,purple flowers (2),,BK,4,7,2,3,2,6,3,2,4,2,3,6,1,22-Jun-15,rhiz. (few),96,140,103,18,1,1,,1,0,1,,
F2,BS1,84,02_05_15,3,B,N,N,,,DLR,5,3,2,3,1,5,2,1,4,3,2,4,1,2-Jun-15,,102,102,81,28,1,1,,1,0,0,,
F2,BS1,86,02_05_15,3,N,N,Y,,,DLR,2,3,2,3,1,3,2,1,4,3,2,3,1,20-May-15,,119,102,69,12,0,0,0,0,0,1,,
F2,BS1,88,02_12_15,2,B,N,Y,,,BK,3,4,5,2,4,5,3,2,4,2,1,4,1,17-Jun-15,,130,116,71,19,1,,,,,,,
F2,BS1,90,02_12_15,2,N,N,Y,,,DLR,5,6,3,3,3,6,3,2,6,1,,4,1,18-Jun-15,,,88,95,16,0,0,0,0,0,1,,
F2,BS1,92,02_12_15,3,F,B,N,,,DLR,5,3,4,1,,2,2,1,3,1,,2,1,17-Jun-15,,89,86,87,11,1,,,,,,,
F2,BS1,94,02_05_15,2,N,N,Y,,,DLR,5,5,2,2,1,5,2,2,5,2,1,4,1,25-May-15,,77,,97,24,1,1,,1,2,0,,
F2,BS1,96,02_12_15,2,F,F,N,,,BK,3,5,6,3,3,4,3,3,5,3,1,4,0,19-Jun-15,,108,91,56,11,0,2,,2,1,0,,
F2,BS1,98,02_14_15,2,B,N,N,,,BK,3,2,2,2,1,4,2,1,4,2,3,4,1,22-Jun-15,,50,105,59,14,1,1,,1,2,0,,
F2,BS1,100,02_05_15,2,F,N,N,,,DLR,2,1,7,3,3,6,2,4,6,3,5,6,1,22-May-15,,109,,92,17,0,0,0,0,0,1,,
F2,BS1,102,02_12_15,4,F,B,N,,,DLR,2,4,3,2,2,4,2,3,5,2,1,3,1,11-Jun-15,,78,97,78,18,1,,,,,,,
F2,BS1,104,02_05_15,3,B,B,N,,,DLR,2,2,5,4,2,5,2,2,4,4,4,6,0,4-Jun-15,,104,97,50,30,1,1,,1,1,1,,
F2,BS1,106,02_12_15,2,B,B,Y,,,BK,4,1,5,2,2,4,3,2,5,1,,2,1,19-Jun-15,,93,95,79,15,1,1,,1,1,1,,
F2,BS1,108,02_12_15,3,B,B,N,,,DLR,6,7,5,3,2,5,3,3,5,3,3,5,1,11-Jun-15,rhiz. (few),113,100,45,27,1,,,,1,,,Needs to be redone
F2,BS1,110,02_06_15,3,B,N,Y,,,DLR,3,4,1,3,2,5,3,1,5,4,2,5,1,29-May-15,Very short lower infl. Internodes,,99,52,18,0,1,,1,0,0,,
F2,BS1,112,,,,,,,,,1,0,2,1,,4,3,4,3,3,4,5,0,22-May-15,,,100,67,13,1,2,,2,1,0,,
F2,BS1,114,02_06_15,3,B,N,N,,,DLR,6,4,8,2,1,4,1,,1,1,,3,1,1-Jun-15,,110,86,99,11,0,0,,0,2,0,,
F2,BS1,116,02_12_15,3,F,B,Y,,,BK,5,6,5,2,2,3,2,2,3,3,2,5,1,10-Jun-15,,,82,63,22,0,1,,1,0,0,,
F2,BS1,118,02_14_15,4,F,B,Y,,,BK,1,1,1,4,1,5,3,1,3,3,1,4,1,19-Jun-15,,,116,56,26,1,1,,1,1,0,,
F2,BS1,120,02_06_15,4,B,B,N,,,DLR,4,3,6,2,4,5,1,,6,3,3,5,1,4-Jun-15,rhiz. (few),75,76,67,30,1,1,,1,2,1,,
F2,BS1,122,02_14_15,4,N,B,Y,,,BK,3,3,3,2,3,5,3,3,6,2,3,6,1,16-Jun-15,,99,93,72,26,1,1,,1,1,1,,
F2,BS1,124,02_05_15,3,B,N,Y,,,DLR,8,4,12,2,1,3,2,2,4,2,2,5,0,18-May-15,,71,91,77,22,0,2,,2,1,1,,
F2,BS1,126,02_06_15,2,F,B,N,,,DLR,6,7,7,2,2,3,2,1,4,2,3,5,1,4-Jun-15,rhiz. (few),106,68,61,28,0,2,,2,1,0,,
F2,BS1,128,02_12_15,3,B,N,N,,,DLR,2,3,4,3,1,4,3,3,6,2,2,4,1,17-Jun-15,rhiz. (few),86,88,48,20,0,,,,,,,
F2,BS1,130,02_05_15,2,N,N,N,,,DLR,4,4,3,3,2,4,3,2,4,3,1,5,1,29-May-15,,98,130,51,29,0,2,,2,1,1,,
F2,BS1,132,02_12_15,3,F,F,Y,,,BK,4,5,2,2,2,3,2,3,5,1,,3,1,19-Jun-15,,109,96,58,23,1,1,,1,2,0,,
F2,BS1,134,02_05_15,1,N,N,Y,,,DLR,3,6,1,2,1,4,2,3,4,2,1,4,1,19-May-15,,104,101,71,11,0,1,,1,2,,,needs to be redone
F2,BS1,136,02_12_15,3,B,N,Y,,,BK,3,6,7,2,1,4,3,4,6,2,2,3,1,19-Jun-15,,122,107,54,35,1,2,,2,0,0,,
F2,BS1,138,02_12_15,2,F,F,N,,,BK,4,3,0,1,,3,1,,4,2,2,4,0,19-Jun-15,,104,99,41,33,1,2,,2,1,1,,
F2,BS1,140,02_15_15,3,F,N,N,purple flowers (2),,BK,5,6,6,2,1,5,3,2,4,3,1,4,0,16-Jun-15,,81,86,84,18,1,0,,0,1,0,,
F2,BS1,142,02_12_15,2,F,N,Y,,,DLR,4,2,3,1,,2,2,1,3,4,4,7,1,17-Jun-15,,113,103,84,15,1,,,,,,,
F2,BS1,144,02_12_15,5,F,B,N,,,BK,5,6,3,1,,3,2,3,5,2,3,6,1,17-Jun-15,,93,86,65,28,0,,,,,,,
F2,BS1,146,02_12_15,3,N,N,Y,,,BK,2,2,3,2,2,4,2,2,4,2,2,5,1,17-Jun-15,,99,84,84,10,1,,,,,,,
F2,BS1,148,02_05_15,2,N,N,N,,,DLR,2,3,3,3,5,6,3,2,4,2,3,5,1,26-May-15,,113,101,46,20,1,1,,1,2,,,
F2,BS1,150,02_05_15,2,N,N,Y,,,DLR,3,1,1,2,2,4,2,2,4,2,2,4,1,25-May-15,rhiz. (many),132,,40,23,0,1,,1,0,1,,
F2,BS1,152,02_14_15,4,B,N,Y,,,BK,1,1,1,2,3,5,2,3,4,2,3,4,1,23-Jun-15,,96,103,77,15,1,0,,0,1,0,,
F2,BS1,154,02_12_15,2,N,N,N,,,DLR,3,7,2,1,,3,2,3,2,3,2,6,1,10-Jun-15,,,102,88,20,0,1,,1,0,0,,
F2,BS1,156,02_14_15,3,F,F,Y,,,BK,2,5,2,2,2,6,4,1,5,3,1,5,1,22-Jun-15,,,97,70,20,0,2,,2,2,1,,
F2,BS1,158,02_12_15,2,F,B,Y,,,BK,3,5,5,2,1,2,3,3,4,2,1,4,1,23-Jun-15,S4FlNode corrected from 1 to 2.,110,114,56,22,,2,,2,2,0,,
F2,BS1,160,02_14_15,4,F,B,Y,,,BK,2,4,3,3,1,5,4,1,4,2,1,4,1,18-Jun-15,,129,100,72,16,1,1,,1,1,0,,
F2,BS1,162,02_15_15,3,F,B,Y,,,BK,4,1,2,3,3,5,3,1,5,2,1,5,1,15-Jun-15,,108,104,44,22,1,1,,1,0,1,,
F2,BS1,164,02_05_15,2,N,N,N,,,DLR,7,4,6,2,2,5,2,3,5,2,2,4,1,2-Jun-15,rhiz. (few),,83,79,9,1,0,,0,0,1,,
F2,BS1,168,,,,,,,,,2,3,5,3,1,6,3,1,6,3,1,6,0,11-Jun-15,,104,98,35,19,1,,,,,,,did not amplify
F2,BS1,170,02_11_15,2,F,B,Y,,,DLR,5,3,3,3,4,8,3,2,4,2,1,3,1,8-Jun-15,,106,87,38,14,1,2,,2,1,0,,
F2,BS1,172,02_12_15,2,F,F,Y,,,DLR,1,3,3,2,1,3,1,,3,2,4,5,1,17-Jun-15,rhiz. (few),107,86,38,24,,,,,,,,
F2,BS1,176,02_11_15,3,B,N,Y,,,DLR,3,1,3,3,4,5,3,5,5,2,4,6,1,8-Jun-15,,136,143,62,25,1,1,,1,0,0,,
F2,BS1,178,02_05_15,3,B,B,N,,,DLR,2,1,2,2,2,4,2,1,5,2,1,4,1,20-May-15,,85,94,39,21,0,2,,2,2,0,,
F2,BS1,180,02_05_15,2,B,N,N,,,DLR,1,0,3,4,5,7,3,2,5,4,4,8,1,26-May-15,Corrected S6FlNode from 4 to 8.,,106,34,18,0,2,,2,1,2,,
F2,BS1,182,02_06_15,2,B,N,Y,,,DLR,5,3,1,2,1,6,2,2,4,1,,5,1,2-Jun-15,,109,98,67,11,0,1,,1,2,1,,
F2,BS1,184,02_05_15,3,B,B,N,,,DLR,4,4,0,2,1,4,2,1,5,3,1,4,0,18-May-15,,90,86,36,21,0,0,,0,1,1,,
F2,BS1,186,02_12_15,3,B,B,N,,,DLR,3,2,6,3,2,6,3,4,8,2,2,4,1,11-Jun-15,,124,122,67,28,1,,,,,,,
F2,BS1,188,02_12_15,4,F,F,Y,,,BK,5,7,11,3,4,7,2,1,2,3,3,5,1,17-Jun-15,,97,106,80,14,1,,,,,,,
F2,BS1,190,02_06_15,2,N,N,N,,,BK,2,2,2,3,3,7,3,2,7,3,3,6,1,4-Jun-15,rhiz. (few),115,101,63,29,0,1,,1,1,2,,
F2,BS1,192,02_06_15,2,F,F,N,,,BK,3,3,3,3,1,5,3,1,5,3,2,5,0,14-May-15,,126,115,67,27,0,,,,,,,did not amplify after 2 runs
F2,BS1,194,02_12_15,2,B,N,N,,,DLR,1,1,5,3,3,6,1,,4,2,1,3,0,18-Jun-15,,117,107,82,15,1,1,,1,,0,,
F2,BS1,196,02_15_15,3,F,F,N,,,BK,4,4,5,3,2,4,2,2,3,2,3,5,1,23-Jun-15,very few rhiz.,128,131,27,19,1,,,,,,,
F2,BS1,198,02_12_15,4,F,B,Y,,,DLR,4,4,1,1,,3,1,,3,2,3,5,1,17-Jun-15,,122,98,74,20,0,,,,,,,
F2,BS1,200,02_05_15,3,F,N,Y,,,DLR,4,6,5,2,2,5,2,2,5,2,2,5,1,2-Jun-15,,76,87,90,14,1,1,,1,0,0,,
F2,BS1,202,02_11_15,2,B,N,N,,,DLR,6,4,7,2,4,7,2,3,5,2,2,3,1,8-Jun-15,,75,87,58,17,1,2,,2,,1,,
F2,BS1,204,02_05_15,2,N,N,Y,,,DLR,3,2,6,3,3,4,5,3,4,2,2,5,1,26-May-15,,97,99,62,23,0,1,,1,1,1,,
F2,BS1,206,02_12_15,3,F,B,Y,,,DLR,6,2,5,1,,3,3,2,5,2,3,4,1,11-Jun-15,,91,93,70,24,1,,,,,,,
F2,BS1,208,02_06_15,2,N,N,N,,,DLR,5,7,4,1,,4,2,3,4,4,2,3,1,4-Jun-15,,83,86,89,18,1,1,,1,1,0,,
F2,BS1,209,02_12_15,2,F,B,N,,,BK,3,5,4,2,1,3,2,4,5,2,3,6,1,19-Jun-15,,48,107,54,26,1,2,,2,1,0,,
F2,BS1,210,02_12_15,3,F,B,Y,,,DLR,3,5,8,1,,3,2,3,5,2,1,3,1,18-Jun-15,,,78,36,25,1,1,,1,2,1,,
F2,BS1,212,02_12_15,3,B,N,Y,,,BK,2,1,5,2,5,7,2,3,6,3,2,6,1,22-May-15,212A,,101,64,28,1,0,,0,1,1,,
F2,BS1,212,,,,,,,,,4,2,1,2,4,4,3,1,5,3,4,7,1,23-Jun-15,212B -- Could one of these be F2-BS1-222??,,,,,,,,,,,,
F2,BS1,214,02_15_15,3,N,N,Y,,,BK,3,2,7,2,1,3,1,,1,2,2,4,1,23-Jun-15,,65,67,138,6,1,,,,,,,
F2,BS1,216,02_14_15,3,N,N,Y,,,BK,4,2,8,3,1,3,4,2,3,3,2,3,1,23-Jun-15,,72,81,109,7,1,0,,0,0,1,,
F2,BS1,218,02_12_15,2,F,B,N,,,DLR,3,6,2,3,2,5,3,4,7,2,1,3,0,18-Jun-15,,139,103,97,15,1,1,,1,2,0,,
F2,BS1,220,02_06_15,2,F,F,N,,,DLR,7,4,7,2,2,3,2,3,6,2,2,5,0,1-Jun-15,,112,101,92,20,0,2,,2,,0,,
F2,BS1,222,02_05_15,3,F,B,N,,,DLR,,,,,,,,,,,,,,,,117,,46,33,1,2,,2,0,1,,
F2,BS1,224,02_05_15,4,F,N,N,,,DLR,,,,,,,,,,,,,,,,85,92,73,13,0,1,,1,0,0,,
F2,BS1,226,02_12_15,3,N,B,N,,,BK,5,8,3,3,4,7,2,3,3,2,2,4,0,19-Jun-15,,89,102,66,23,1,1,,1,0,0,,
F2,BS1,228,02_15_15,2,N,N,Y,,,BK,3,3,2,4,1,4,3,1,4,4,2,4,1,15-Jun-15,,,93,68,11,1,1,,1,0,0,,
F2,BS1,230,02_11_15,3,F,F,Y,,,DLR,2,3,3,2,2,4,1,,3,1,,4,1,9-Jun-15,,,102,73,17,0,2,,2,1,0,,
F2,BS1,232,02_11_15,4,F,F,N,,,DLR,1,2,3,2,2,3,2,3,4,2,2,4,0,8-Jun-15,,117,90,40,26,0,1,,1,2,1,,
F2,BS1,234,02_12_15,2,F,F,N,DUPLICATE #,,DLR,1,4,0,3,2,5,2,4,5,3,1,5,1,11-Jun-15,,,117,53,30,1,2,,2,0,1,,
F2,BS1,236,,,,,,,,,6,5,3,2,2,5,3,2,4,2,1,4,1,17-Jun-15,Not on printed spreadsheet.  Corrected S4Order from 1 to 2.,116,100,90,35,1,,,,,,,
F2,BS1,240,02_11_15,2,N,N,N,,,DLR,3,4,3,3,3,7,2,3,5,2,3,6,1,8-Jun-15,,,120,67,22,1,0,,0,1,1,,
F2,BS1,242,02_15_15,2,F,F,N,,,BK,2,5,2,3,1,4,2,1,5,2,3,6,0,15-Jun-15,,120,,,,1,2,,2,1,0,,
F2,BS1,244,02_06_15,2,N,N,N,,,DLR,3,4,4,3,3,8,3,2,7,2,3,5,0,2-Jun-15,,49,74,70,15,1,,,,,,,needs to be rerun
F2,BS1,246,02_15_15,2,B,B,N,,,BK,4,4,3,3,1,5,3,1,4,3,1,5,0,17-Jun-15,,71,65,56,23,1,2,,2,0,2,,
F2,BS1,248,02_05_15,2,N,N,N,,,DLR,3,1,1,3,1,3,1,,4,1,,2,0,22-May-15,,97,91,110,0,,0,,0,1,1,,
F2,BS1,250,02_11_15,3,F,N,Y,,,DLR,2,2,3,1,,3,1,,3,2,1,3,1,8-Jun-15,,105,128,83,24,1,1,,1,1,0,,
F2,BS1,252,02_14_15,3,B,F,Y,,,BK,1,2,2,3,1,4,3,1,4,3,1,4,1,17-Jun-15,,118,116,75,31,1,1,,1,0,0,,
F2,BS1,254,02_12_15,3,B,F,Y,,,BK,3,3,3,1,,2,2,3,5,2,2,5,1,23-Jun-15,,95,98,76,26,1,1,,1,1,1,,
F2,BS1,256,02_05_15,3,N,N,Y,,,DLR,4,1,0,3,1,4,3,1,3,3,1,4,1,20-May-15,,91,80,56,4,1,1,,1,1,0,,
F2,BS1,258,02_12_15,4,F,F,Y,,,DLR,2,2,0,4,2,6,2,1,4,3,2,5,1,1-Jun-15,,100,91,57,26,1,,,,,,,
F2,BS1,260,02_05_15,4,F,B,N,,,DLR,4,7,3,3,3,5,3,4,6,3,2,8,1,22-May-15,,102,,84,24,0,0,,0,1,0,,
F2,BS1,262,02_12_15,2,F,B,Y,,,DLR,3,3,7,3,4,6,2,1,2,2,2,3,1,17-Jun-15,,97,112,39,17,1,,,,,,,
F2,BS1,264,02_06_15,3,F,F,Y,,,BK,3,2,4,3,1,4,1,,5,2,2,6,1,2-Jun-15,,,87,105,11,1,0,,0,0,0,,Duplicate is Ma/Sp (PIN1)
F2,BS1,266,02_15_15,4,F,F,Y,,,BK,3,3,5,3,1,6,3,2,6,3,1,5,1,16-Jun-15,,78,47,56,21,0,2,,2,1,1,,
F2,BS1,268,,,,,,,,,9,9,4,2,4,5,3,3,5,3,1,4,1,4-Jun-15,Not on printed spreadsheet.  Corrected S4Order from 1 to 2.,116,88,89,13,0,,,,,,,
F2,BS1,270,02_12_15,3,F,F,N,,,DLR,5,3,3,2,3,5,2,2,5,3,3,5,1,8-Jun-15,,113,105,63,29,1,2,,2,2,1,,
F2,BS1,274,02_12_15,2,F,F,N,,,BK,5,6,5,2,1,3,1,,3,2,2,3,1,14-May-15,274-I,61,56,102,18,1,0,,0,1,,,
F2,BS1,274,,,,,,,,,4,6,5,2,3,4,1,,3,2,2,5,1,19-Jun-15,274-II  Not on printed spreadsheet.,,,,,,,,,,0,,
F2,BS1,276,02_05_15,2,B,N,N,,,DLR,2,4,6,3,3,5,4,1,5,4,1,7,0,29-May-15,,95,91,63,23,1,0,,0,2,0,,
F2,BS1,278,02_12_15,2,F,F,N,,,DLR,2,2,2,1,,1,2,2,4,2,3,6,0,10-Jun-15,,,114,65,26,0,2,,2,1,1,,duplicate is Sp/Sp
F2,BS1,280,02_12_15,3,F,N,Y,,,DLR,4,9,2,3,3,5,4,2,5,3,2,4,1,8-Jun-15,,80,63,69,15,0,1,,1,0,1,,
F2,BS1,282,02_12_15,4,N,N,Y,,,BK,3,5,2,1,,3,2,1,4,2,2,5,1,19-Jun-15,,72,79,92,5,1,1,,1,0,0,,
F2,BS1,284,02_11_15,4,F,F,N,,,DLR,5,1,2,3,1,4,3,3,6,2,2,3,0,9-Jun-15,,105,102,61,17,,1,,1,0,1,,
F2,BS1,286,02_12_15,2,F,B,Y,,,DLR,2,1,1,3,3,5,3,3,6,4,3,6,1,4-Jun-15,,102,102,75,32,0,2,,2,1,1,,
F2,BS1,288,02_11_15,2,F,B,N,,,DLR,3,5,6,2,3,5,2,1,3,2,2,3,1,10-Jun-15,,110,85,56,10,,2,,2,2,0,,
F2,BS1,290,02_11_15,3,F,F,Y,,,DLR,4,6,1,2,2,5,2,1,3,2,3,5,1,9-Jun-15,,,101,73,28,1,,,,,,,
F2,BS1,292,02_12_15,4,B,N,Y,,,DLR,6,7,11,2,2,5,3,2,5,3,1,4,1,1-Jun-15,,81,78,96,11,1,,,,,,,
F2,BS1,294,02_12_15,4,B,B,N,,,DLR,2,3,9,3,1,5,2,1,5,3,1,4,1,10-Jun-15,,53,67,54,32,1,2,,2,2,2,,
F2,BS1,296,02_05_15,2,N,N,N,,,DLR,2,2,1,2,3,5,2,4,5,2,4,6,0,22-May-15,,64,71,95,13,1,0,,0,2,0,,
F2,BS1,297,02_05_15,2,F,N,Y,,,DLR,3,1,3,3,3,8,1,,6,3,2,4,0,26-May-15,,55,,58,18,0,2,,2,1,1,,
F2,BS1,298,02_06_15,1,N,N,N,small,,DLR,4,3,1,2,1,4,1,,2,2,2,5,0,2-Jun-15,,50,78,87,10,1,2,,2,0,2,,
F2,BS2,2,02_06_15,3,N,N,Y,,,BK,5,4,6,3,1,4,3,1,6,3,1,5,0,4-May-15,,90,76,45,13,0,1,,1,1,1,,Duplicate is Ma/Ma for PIN1.
F2,BS2,4,02_11_15,4,N,N,N,,,DLR,8,4,2,3,1,4,3,1,5,3,1,6,1,8-Jun-15,,78,72,64,23,1,1,,1,1,1,,
F2,BS2,6,02_12_15,2,N,N,Y,,,DLR,2,2,3,3,2,4,3,1,4,3,1,4,1,11-Jun-15,,117,103,75,23,1,0,,0,1,1,,
F2,BS2,9,02_11_15,4,F,F,N,,,DLR,3,5,1,3,2,5,3,2,6,3,2,3,1,9-Jun-15,,102,100,57,21,0,0,,0,1,1,,
F2,BS2,10,02_05_15,3,N,N,N,,,DLR,5,3,9,3,4,5,3,3,5,2,4,5,0,22-May-15,,46,,72,16,0,1,,1,1,1,,
F2,BS2,12,02_05_15,2,N,N,N,,,DLR,7,1,3,3,2,5,2,3,6,2,2,5,0,20-May-15,Very short lower cauline internodes.,97,102,83,22,0,1,,1,0,1,,
F2,BS2,13,02_14_15,3,F,F,N,,,BK,1,1,2,3,1,5,2,2,5,3,1,4,1,22-Jun-15,,98,119,56,29,1,2,,2,,,,
F2,BS2,14,02_12_15,2,B,B,N,,,BK,15,1,1,3,1,4,3,1,4,2,4,6,1,14-May-15,,85,37,96,8,0,1,,1,2,2,,
F2,BS2,16,02_05_15,2,F,F,N,,,DLR,3,6,5,1,,6,3,3,5,2,2,4,1,2-Jun-15,,114,113,53,21,0,2,,2,0,0,,
F2,BS2,18,02_14_15,3,B,F,Y,purple flower (1),,BK,4,5,2,2,1,2,2,2,4,2,2,5,1,23-Jun-15,Corrected S4FlNode from 1 to 2,97,103,63,21,1,1,,1,2,1,,
F2,BS2,20,02_06_15,3,N,N,N,,,DLR,9,10,7,3,1,4,4,1,4,3,1,4,0,4-Jun-15,,115,82,73,17,1,1,,1,1,1,,
F2,BS2,21,02_12_15,4,B,B,Y,,,DLR,3,5,4,2,2,4,3,3,5,2,3,4,1,17-Jun-15,,84,92,60,20,1,,,,,,,
F2,BS2,22,02_05_15,2,N,N,N,,,DLR,3,3,4,3,3,5,3,3,6,2,2,6,0,26-May-15,,75,,78,8,1,0,,0,0,1,,
F2,BS2,24,02_11_15,3,F,N,Y,,,DLR,5,5,5,2,4,5,2,4,5,2,2,5,1,4-Jun-15,Rhiz. (lots),121,118,71,16,0,1,,1,0,1,,
F2,BS2,26,02_11_15,3,N,N,N,,,DLR,4,1,6,3,3,6,3,3,5,1,,2,0,4-Jun-15,Corrected S5FlNode from 2 to 5,137,121,59,17,0,2,,2,1,2,,
F2,BS2,28,02_11_15,2,N,N,Y,,,DLR,11,10,8,3,1,5,3,1,6,2,2,5,1,4-Jun-15,rhiz. (few),104,105,52,21,0,1,,1,0,0,,
F2,BS2,32,02_05_15,2,B,N,N,,,DLR,11,6,3,2,3,4,3,2,5,3,1,5,1,29-May-15,,43,97,74,12,0,,,,,,,
F2,BS2,34,02_11_15,3,F,F,N,,,DLR,2,4,5,2,2,4,2,1,4,2,2,6,0,4-Jun-15,,109,100,55,29,1,1,,1,0,0,,
F2,BS2,36,02_15_15,3,F,B,N,purple flower (1),,BK,1,1,2,3,1,4,3,1,4,3,3,5,1,17-Jun-15,rhiz. (few),111,100,37,16,1,1,,1,2,0,,
F2,BS2,38,02_05_15,2,F,N,N,,,DLR,,,,,,,,,,,,,,,,107,101,33,30,0,1,,1,1,1,,
F2,BS2,40,02_12_15,4,F,F,N,,,DLR,2,3,3,2,1,3,2,2,4,2,2,4,1,10-Jun-15,Corrected S5FlNode from 2 to 4,110,96,42,19,0,1,,1,0,0,,
F2,BS2,42,02_12_15,2,B,B,N,,,BK,2,5,3,3,1,4,3,2,5,3,1,4,0,10-Jun-15,,,122,56,25,0,2,,2,0,1,,
F2,BS2,44,02_05_15,3,B,N,N,,,DLR,0,3,2,3,2,6,3,2,6,3,2,5,1,25-May-15,rhiz. (few),102,,78,27,1,1,,1,0,0,,
F2,BS2,46,02_15_15,4,F,F,Y,,,BK,5,2,3,3,1,3,2,1,5,2,3,4,1,18-Jun-15,,126,105,50,21,1,1,,1,0,0,,
F2,BS2,48,02_05_15,2,B,N,Y,,,DLR,3,4,4,3,3,3,1,,2,3,1,6,1,26-May-15,,95,,104,18,1,0,,0,2,2,,
F2,BS2,50,02_06_15,1,N,N,N,small,,DLR,3,4,7,1,,4,2,4,5,2,2,3,0,2-Jun-15,,56,70,99,12,0,0,,0,1,2,,
F2,BS2,52,02_12_15,3,B,B,N,,,DLR,3,4,3,3,4,6,2,2,6,3,3,7,1,11-Jun-15,,97,93,87,26,1,,,,,,,
F2,BS2,54,02_12_15,4,F,F,N,,,DLR,3,6,4,3,3,5,2,3,5,2,2,5,1,1-Jun-15,,84,61,88,18,1,,,,,,,
F2,BS2,56,02_12_15,2,N,N,N,,,BK,4,,,,,,,,,,,,0,10-Jun-15,nearly dead 6/10,,87,52,23,0,1,,1,,,,
F2,BS2,58,02_05_15,3,B,N,Y,,,DLR,5,2,5,3,2,5,2,1,4,2,1,4,1,19-May-15,Very short lower cauline internodes.,80,95,54,19,,1,,1,0,,,
F2,BS2,60,02_12_15,3,F,B,Y,,,DLR,7,1,3,2,1,4,3,3,4,3,3,5,1,1-Jun-15,,,,70,21,1,1,,1,1,2,,
F2,BS2,62,02_12_15,2,F,B,Y,,,BK,3,3,6,1,,3,2,2,3,2,2,4,1,18-Jun-15,,,112,100,21,1,1,,1,1,1,,
F2,BS2,64,02_12_15,3,B,N,N,,,DLR,3,1,3,2,2,3,2,2,3,3,3,5,1,18-Jun-15,,,126,56,36,1,2,,2,1,2,,
F2,BS2,66,02_05_15,1,N,N,N,,,DLR,3,0,0,3,1,3,4,1,3,3,1,2,0,9-Jun-15,Veg. tissue mostly on separate 2nd order shoots.,,92,99,10,1,,,,,,,
F2,BS2,68,02_12_15,3,N,N,Y,,,DLR,4,4,8,3,2,4,3,3,5,2,2,5,1,1-Jun-15,,,92,90,14,1,,,,,,,
F2,BS2,70,02_05_15,2,F,B,N,,,DLR,2,1,2,3,1,6,2,2,8,2,1,5,0,20-May-15,,98,101,41,15,0,2,,2,0,1,,
F2,BS2,72,02_12_15,3,B,N,Y,Should be F2-BS1-272,,DLR,3,1,4,2,3,5,3,3,7,2,1,3,1,4-Jun-15,Not on printed spreadsheet,82,50,79,18,1,2,,2,,,,
F2,BS2,74,02_12_15,2,F,B,N,,,DLR,4,4,2,3,2,5,3,1,5,3,1,5,1,8-Jun-15,rhiz. (few),81,77,53,25,1,2,,2,1,0,,
F2,BS2,76,02_11_15,3,F,F,N,,,DLR,3,5,2,3,3,6,2,2,3,3,4,7,0,17-Jun-15,,80,100,41,31,1,,,,,,,
F2,BS2,76,02_12_15,4,F,B,N,,,DLR,,,,,,,,,,,,,,,,,,61,20,,,,,,,,
F2,BS2,80,02_15_15,3,N,N,N,,,BK,2,2,6,2,2,5,2,2,4,3,2,4,1,19-Jun-15,,105,107,88,10,0,1,,1,1,1,,
F2,BS2,82,02_05_15,4,F,B,N,,,DLR,5,1,2,4,1,4,3,2,5,3,1,4,1,18-May-15,,67,119,96,12,0,1,,1,1,1,,
F2,BS2,84,02_12_15,4,B,B,Y,,,DLR,6,4,7,3,4,7,3,3,6,3,3,7,1,19-Jun-15,,104,94,63,26,0,,,,,,,
F2,BS2,86,02_11_15,5,B,N,N,,,DLR,6,2,6,1,,3,2,1,4,2,1,3,1,9-Jun-15,,,73,88,15,0,0,,0,0,0,,
F2,BS2,88,02_12_15,2,F,F,N,,,DLR,3,3,2,2,3,4,2,2,3,2,3,4,0,17-Jun-15,,,117,46,33,1,2,,2,1,1,,
F2,BS2,90,02_15_15,2,N,N,Y,,,BK,4,4,3,3,2,6,3,2,5,4,1,5,1,15-Jun-15,,105,104,78,12,0,1,,1,0,2,,
F2,BS2,92,02_12_15,3,B,B,N,,,BK,8,3,5,3,2,4,3,3,6,3,1,4,1,19-Jun-15,,78,72,103,13,1,2,,2,1,1,,
F2,BS2,94,02_12_15,3,F,B,N,,,DLR,3,3,8,3,3,7,2,2,5,4,3,7,1,10-Jun-15,,125,103,43,34,0,1,,1,2,1,,
F2,BS2,96,02_05_15,2,N,N,Y,,,DLR,3,2,2,2,2,5,3,2,5,2,2,4,1,2-Jun-15,,140,131,91,19,1,,,,1,2,,
F2,BS2,98,02_12_15,2,B,B,Y,,,BK,4,2,3,3,3,4,1,,,2,3,6,1,23-Jun-15,,125,122,75,27,1,2,,2,1,2,,
F2,BS2,100,02_12_15,3,B,B,Y,,,BK,4,4,5,2,2,4,2,3,3,1,,3,1,17-Jun-15,,101,102,53,18,1,,,,,,,
F2,BS2,102,02_11_15,3,F,B,N,,,DLR,3,4,2,2,2,4,1,,3,1,,3,1,4-Jun-15,duplicate number -- 102A (unlabeled),107,95,74,19,1,2,,2,0,2,,
F2,BS2,102,02_12_15,2,N,N,N,,,DLR,2,6,5,2,2,6,3,3,6,3,2,9,1,11-Jun-15,duplicate number -- 102B (unlabeled),123,112,99,16,1,2,,2,0,2,,
F2,BS2,104,02_14_15,4,F,B,Y,,,BK,7,1,1,3,3,4,3,2,5,2,3,5,1,22-Jun-15,,88,119,59,29,1,1,,1,1,1,,
F2,BS2,106,02_06_15,3,F,F,N,,,DLR,7,0,0,3,1,6,3,2,6,2,2,4,1,3-Jun-15,lots of rhiz.,104,111,90,12,1,1,,1,0,1,,
F2,BS2,108,02_05_15,2,F,F,N,,,DLR,4,2,5,2,1,5,3,1,4,4,1,4,1,9-Jun-15,,100,85,69,25,1,2,,2,0,0,,
F2,BS2,110,02_05_15,3,F,N,N,,,DLR,3,3,2,2,2,5,3,2,5,2,2,3,0,18-May-15,,88,73,55,8,1,0,,0,1,1,,
F2,BS2,112,02_12_15,3,N,N,Y,,,BK,4,1,3,1,,2,1,,3,2,1,3,1,18-Jun-15,,87,83,94,4,0,0,,0,0,1,,
F2,BS2,114,02_11_15,2,F,B,N,,,DLR,1,3,4,2,2,4,2,2,4,2,2,4,0,4-Jun-15,Corrected S5FlNode from 2 to 4,90,101,47,28,0,1,,1,1,2,,
F2,BS2,116,02_11_15,4,B,B,Y,,,DLR,2,1,3,2,2,4,3,3,7,2,2,3,1,8-Jun-15,,,93,39,32,1,1,,1,1,1,,
F2,BS2,118,02_06_15,2,B,B,N,,,DLR,5,4,4,3,3,5,3,3,5,3,3,5,1,2-Jun-15,few rhizomes,101,94,58,29,1,2,,2,0,1,,
F2,BS2,120,02_12_15,3,N,N,Y,,,BK,4,,,1,5,,,,,,,,1,10-Jun-15,only one inflorescence,108,75,97,1,1,0,,0,0,1,,
F2,BS2,122,02_15_15,3,F,B,N,,,BK,3,7,2,3,1,4,3,2,5,3,1,4,0,11-Jun-15,,92,91,77,23,0,0,,0,0,1,,
F2,BS2,124,02_05_15,3,F,N,N,,,DLR,4,3,2,2,2,5,3,2,4,3,2,5,1,18-May-15,,,110,,,0,1,,1,0,1,,
F2,BS2,126,02_11_15,4,F,F,N,,,DLR,3,1,4,2,2,3,3,3,5,2,3,8,1,8-Jun-15,Corrected S5FlNode from 2 to 5,81,68,80,18,1,,,,,2,,
F2,BS2,128,02_05_15,2,F,N,Y,,,DLR,3,1,3,3,3,9,3,4,5,2,2,7,0,22-May-15,,130,118,74,19,0,0,,0,0,0,,
F2,BS2,130,02_11_15,2,N,N,Y,,,DLR,3,2,4,4,3,7,2,2,5,3,1,3,1,8-Jun-15,,106,110,75,11,0,0,,0,0,1,,
F2,BS2,132,02_06_15,3,F,B,N,,,BK,9,3,2,2,2,5,2,3,5,2,4,6,1,4-Jun-15,,97,109,57,16,0,1,,1,0,,,
F2,BS2,134,02_12_15,4,F,F,N,,,DLR,2,5,6,3,1,4,2,1,4,3,3,6,0,18-Jun-15,,94,81,74,26,1,0,,0,1,2,,
F2,BS2,136,02_14_15,3,B,B,Y,,,BK,8,6,5,2,3,5,3,2,4,4,3,7,1,23-Jun-15,,121,130,76,20,0,1,,1,1,0,,
F2,BS2,138,02_14_15,3,F,N,Y,,,BK,4,4,3,3,1,4,4,1,4,3,1,4,1,22-Jun-15,,122,104,77,16,0,0,,0,1,2,,
F2,BS2,140,02_12_15,3,B,B,Y,,,DLR,3,5,5,2,4,8,3,4,8,3,3,4,1,10-Jun-15,,95,117,65,18,0,2,,2,0,2,,
F2,BS2,142,02_05_15,3,N,N,N,,,DLR,2,3,4,3,2,4,2,2,5,3,1,5,1,29-May-15,Very short lower infl. Internodes,80,92,64,20,1,0,,0,1,1,,
F2,BS2,144,02_12_15,2,F,F,N,,,DLR,1,3,4,3,2,8,5,4,11,3,1,4,1,17-Jun-15,,112,107,55,19,1,,,,,1,,
F2,BS2,146,02_15_15,3,B,B,Y,,,BK,6,1,4,3,1,4,4,1,3,3,1,3,1,15-Jun-15,,111,102,56,20,0,2,,2,2,1,,
F2,BS2,148,02_14_15,4,F,F,Y,,,BK,3,6,2,5,1,3,4,1,4,4,1,3,1,22-Jun-15,,95,82,75,16,1,,,,0,1,,"Labeled ""F2-BS-148""  Probably BS2, as there is another BS1-148 that has different LFY genotype."
F2,BS2,150,02_06_15,3,N,N,Y,,,DLR,8,4,9,2,4,4,2,3,5,3,2,4,0,1-Jun-15,S4 data must have error.,97,83,71,17,0,,,,,,,
F2,BS2,154,02_11_15,3,B,N,Y,,,DLR,3,2,3,1,,7,2,2,5,3,3,6,1,8-Jun-15,,109,,57,15,1,,,,,,,
F2,BS2,156,02_11_15,4,Y,N,N,,,DLR,1,3,6,3,2,4,2,3,7,2,3,5,0,9-Jun-15,,113,100,37,29,0,1,,1,1,0,,
F2,BS2,158,02_05_15,3,F,B,Y,,,DLR,5,6,3,2,3,6,2,2,6,2,4,5,0,22-May-15,,111,97,73,16,0,0,,0,1,0,,
F2,BS2,160,02_12_15,3,N,N,Y,,,BK,6,3,2,3,2,3,3,1,4,4,1,4,0,16-Jun-15,160A  Lots of veg. development from infl. nodes.,,72,63,18,0,0,,0,,1,,Duplicates had Different LFY Genotypes
F2,BS2,160,02_15_15,3,F,B,N,,,BK,1,4,3,3,1,4,3,2,6,3,2,4,1,19-Jun-15,,114,98,98,17,1,0,,0,,1,,Duplicates had Different LFY Genotypes
F2,BS2,162,02_15_15,3,F,F,Y,purple flower (1),,BK,7,3,2,2,1,5,4,2,4,3,2,6,1,16-Jun-15,162A -- duplicate number.  Few rhiz.,102,101,95,11,1,1,,1,2,1,,There are two more samples numbered 162 they're all heterozygous
F2,BS2,162,02_15_15,3,N,N,N,,,BK,3,3,1,3,3,5,2,1,4,2,1,4,1,17-Jun-15,162B -- duplicate number,112,105,62,29,0,1,,1,0,1,,
F2,BS2,164,02_05_15,2,N,N,N,,,DLR,5,1,1,3,2,5,2,1,4,2,1,4,1,19-May-15,Lower cauline internodes very short.,85,91,104,3,0,0,,0,2,2,,
F2,BS2,165,02_12_15,3,N,N,N,,,DLR,3,5,2,3,2,4,2,2,4,3,1,4,1,20-May-15,,61,76,87,5,1,0,,0,0,0,,
F2,BS2,166,02_12_15,3,F,F,Y,,,DLR,7,2,3,3,3,7,3,4,7,2,1,7,1,1-Jun-15,,,88,80,30,1,1,,1,2,2,,
F2,BS2,168,02_05_15,4,F,F,Y,,,DLR,5,2,3,2,2,3,2,2,4,2,2,3,1,26-May-15,,118,105,69,16,1,1,,1,0,0,,
F2,BS2,172,02_05_15,3,N,N,Y,,,DLR,3,4,1,2,3,6,2,3,3,1,,7,0,22-May-15,,115,,82,19,1,1,,1,1,1,,
F2,BS2,174,02_12_15,4,B,B,Y,,,BK,3,6,2,3,3,6,2,3,6,2,3,5,1,17-Jun-15,,89,98,91,21,1,,,,,,,
F2,BS2,176,02_06_15,2,F,F,Y,,,BK,3,6,4,3,2,5,3,1,5,3,2,4,1,4-Jun-15,,104,99,56,25,1,1,,1,0,1,,
F2,BS2,178,02_06_15,3,F,N,Y,,,DLR,4,8,6,1,,3,1,,1,3,1,4,1,1-Jun-15,,109,77,71,12,0,0,,0,,0,,
F2,BS2,180,02_14_15,3,F,F,N,,,BK,3,4,4,3,3,4,2,2,4,2,3,4,0,22-Jun-15,,132,110,83,23,1,0,,0,0,0,,
F2,BS2,182,02_05_15,3,F,N,N,,,DLR,2,0,1,4,2,4,3,2,4,2,2,4,0,18-May-15,,,92,29,23,0,0,,0,2,0,,
F2,BS2,184,02_05_15,2,B,N,N,,,DLR,2,3,2,3,1,3,2,2,4,3,1,3,1,20-May-15,,119,95,55,14,1,0,,0,2,1,,
F2,BS2,186,02_05_15,3,N,N,Y,,,DLR,13,4,2,3,1,5,3,1,3,3,1,4,1,9-Jun-15,,111,93,74,12,0,0,,0,0,1,,
F2,BS2,188,02_12_15,3,F,F,N,,,DLR,2,3,3,3,1,5,3,2,5,3,2,4,0,11-Jun-15,,142,83,47,27,0,1,,1,1,1,,
F2,BS2,190,02_12_15,3,F,B,Y,,,DLR,2,3,2,2,2,5,1,,2,3,3,6,1,11-Jun-15,,168,145,95,26,1,,,,,,,
F2,BS2,192,02_12_15,2,F,B,Y,,,DLR,3,2,3,3,2,4,3,2,5,3,2,7,1,11-Jun-15,,131,90,55,22,0,,,,,,,
F2,BS2,194,02_12_15,4,F,F,Y,,,DLR,5,6,7,3,2,7,2,2,4,3,1,5,1,11-Jun-15,few rhizomes,94,93,51,24,1,0,,0,2,,,
F2,BS2,196,02_11_15,3,F,B,N,,,DLR,1,3,2,2,3,4,2,3,5,2,4,6,1,8-Jun-15,,97,90,64,28,0,2,,2,1,0,,
F2,BS2,198,02_06_15,4,F,B,Y,,,DLR,7,4,7,2,2,4,2,1,5,2,2,5,1,1-Jun-15,,95,96,53,16,0,1,,1,0,0,,
F2,BS2,200,02_14_15,3,F,F,N,purple flowers (3),,BK,3,4,4,3,2,5,3,1,5,3,3,6,0,23-Jun-15,,141,105,67,29,1,2,,2,1,1,,
F2,BS2,202,02_14_15,3,B,B,Y,,,BK,4,4,1,3,3,6,2,3,4,3,3,5,1,19-Jun-15,,,99,67,33,0,1,,1,2,1,,
F2,BS2,204,,,,,,,,,1,1,0,3,2,8,2,2,8,2,3,7,0,22-May-15,Not on printed spreadsheet,116,101,34,26,0,1,,1,2,2,,
F2,BS2,206,02_05_15,3,F,F,Y,,,DLR,2,4,2,3,3,5,3,3,4,2,3,5,1,4-Jun-15,,111,89,57,27,0,,,,,2,,
F2,BS2,208,02_15_15,2,F,B,N,,,BK,1,0,2,4,1,4,5,1,5,4,1,3,0,16-Jun-15,,116,110,69,24,0,1,,1,1,0,,
F2,BS2,210,02_15_15,4,F,F,Y,purple flower(1),,BK,2,1,2,2,1,4,1,,4,2,3,5,1,17-Jun-15,,152,116,53,28,0,1,,1,1,1,,
F2,BS2,212,02_12_15,2,B,N,N,,,DLR,7,6,5,4,4,5,3,2,5,3,2,4,0,11-Jun-15,,107,98,56,31,1,0,,0,1,,,GI genotypes different for the two different DNA preps
F2,BS2,214,02_06_15,4,F,B,Y,Purple flowers,,BK,2,2,7,5,1,5,4,2,4,5,2,3,1,4-Jun-15,,102,95,98,17,1,2,,2,1,,,
F2,BS2,216,,,,,,,,,3,0,3,3,3,6,2,1,6,2,3,7,0,2-Jun-15,Not on printed spreadsheet,,88,67,23,0,2,,2,,,,
F2,BS2,218,02_12_15,3,F,N,N,,,DLR,4,3,5,1,,2,2,1,2,2,4,3,0,10-Jun-15,,111,82,44,17,0,0,,0,,,,
F2,BS2,220,02_12_15,3,F,F,N,,,DLR,4,6,3,2,1,4,3,3,5,3,3,5,0,1-Jun-15,,71,72,52,26,0,,,,,,,
F2,BS2,222,02_15_15,3,N,N,N,,,BK,5,4,7,2,2,4,2,2,4,2,3,4,1,18-Jun-15,few rhizomes,51,60,91,11,0,0,,0,,,,
F2,BS2,224,02_12_15,3,F,B,Y,,,BK,2,5,3,3,2,6,3,1,4,1,,3,1,19-Jun-15,,81,,84,29,0,0,,0,,,,
F2,BS2,226,02_06_15,3,N,N,N,,,DLR,,,,,,,,,,,,,1,19-Jun-15,very lg.  (no infl??),82,97,84,20,0,1,,1,,2,,
F2,BS2,226,02_12_15,3,B,B,Y,,,BK,,,,,,,,,,,,,,,,,,,,,,,,,,,
F2,BS2,228,02_12_15,3,B,N,N,,,BK,4,4,3,2,1,3,3,2,5,4,1,6,0,17-Jun-15,,113,95,42,27,1,,,,,,,
F2,BS2,230,02_12_15,3,F,B,N,,,DLR,4,1,3,3,3,5,3,1,5,3,3,7,1,18-Jun-15,,100,86,59,21,1,0,,0,,2,,
F2,BS2,234,02_12_15,2,B,N,N,,,DLR,4,6,6,2,3,5,2,2,4,2,3,5,1,11-Jun-15,large dominating rhizome,63,78,,11,0,,,,,,,
F2,BS2,236,02_12_15,3,F,F,N,,,DLR,,,,,,,,,,,,,,,,,,,,,2,,2,,,,
F2,BS2,236,02_05_15,2,F,N,Y,,,DLR,6,9,3,2,2,5,3,2,5,2,2,4,1,20-May-15,236A,105,90,62,11,0,,,,,,,
F2,BS2,238,02_05_15,2,B,N,N,small,,DLR,3,0,2,3,1,4,2,1,4,2,1,4,0,14-May-15,removed lots of lateral veg. shoots,60,71,122,4,0,2,,2,,2,,
MY,A1,6,02_12_15,2,F,F,N,,,DLR,3,2,2,3,2,6,3,4,6,3,3,4,0,11-Jun-15,,89,103,73,30,0,,,,,,,
MY,A2,2,02_12_15,3,F,F,N,,,BK,3,1,5,3,2,6,3,4,7,4,3,4,0,10-Jun-15,,71,110,58,34,0,,,,,,,
MY,A2,3,,,,,,,,,,,,,,,,,,,,,,,,70,,,,,,,,,,,
MY,A2,4,02_06_15,2,F,F,N,lots of inflorescences,,DLR,4,4,3,3,3,5,4,3,6,3,2,6,0,2-Jun-15,,77,85,42,27,1,,,,,,,
MY,A2,5,02_12_15,2,F,F,N,,,DLR,5,7,3,4,4,7,2,1,3,4,5,8,0,16-Jun-15,,61,105,55,31,0,,,,,,,
MY,A2,6,02_06_15,2,F,B,N,,,DLR,7,3,5,3,2,4,3,2,5,3,3,4,0,2-Jun-15,,65,108,62,21,1,,,,,,,
MY,B2,2,02_14_15,2,F,F,N,,,BK,3,4,4,3,2,4,3,3,5,2,3,4,0,23-Jun-15,no rhiz,102,102,45,32,1,,,,,,,
MY,B2,4,02_12_15,3,B,B,N,,,BK,1,5,6,3,5,6,3,3,5,4,4,7,0,21-Jun-15,no rhiz,93,105,51,33,1,,,,,,,
MY,B2,6,02_12_15,2,F,B,N,,,BK,3,3,4,2,2,3,3,4,7,4,3,8,1,17-Jun-15,Rhiz,133,108,58,34,1,,,,,,,
MY,B2,8,02_12_15,2,F,B,N,,,DLR,2,2,2,3,1,4,3,1,4,4,1,4,0,9-Jun-15,,81,105,33,29,1,,,,,,,
MY,C1,2,02_11_15,2,F,F,N,,,DLR,4,3,3,2,2,4,3,1,4,2,2,5,0,4-Jun-15,no rhiz,77,122,41,35,1,,,,,,,
MY,C1,2,02_12_15,2,F,B,N,,,BK,4,1,2,3,2,4,3,2,4,3,4,6,0,17-Jun-15,no rhiz,102,94,42,44,0,,,,,,,
MY,C2,2,02_12_15,3,F,F,N,,,BK,2,4,3,2,3,5,3,8,11,3,3,6,1,22-May-15,Rhiz,82,101,55,44,1,,,,,,,
MY,C2,4,02_05_15,2,F,B,N,,,DLR,1,0,1,3,4,6,3,4,7,1,3,5,0,22-May-15,no,108,88,48,32,0,,,,,,,
MY,C2,5,02_11_15,3,F,F,N,,,DLR,3,3,2,3,2,4,3,5,6,3,3,4,0,9-Jun-15,no,102,96,56,45,0,,,,,,,
MY,C2,8,02_12_15,3,F,B,N,,,BK,3,4,4,3,4,5,3,3,6,2,4,6,0,23-Jun-15,no rhiz,89,87,44,29,0,,,,,,,
MY,C2,2-B,,,,,,,,,4,1,5,3,2,3,2,4,5,2,1,1,0,23-Jun-15,no rhiz,,,,,,,,,,,,
MY,D1,2,02_11_15,2,B,B,N,,,DLR,4,3,4,2,4,6,3,2,6,3,2,7,0,4-Jun-15,no rhiz,108,120,41,26,0,,,,,,,
MY,D1,4,02_15_15,2,F,F,N,,,BK,4,5,6,4,4,5,3,1,3,3,3,4,0,19-Jun-15,no rhiz,101,111,41,24,0,,,,,,,
MY,D2,2,02_12_15,2,F,F,N,,,DLR,3,2,4,3,3,6,1,,1,3,2,5,0,17-Jun-15,no rhiz,111,117,34,33,0,,,,,,,
MY,D2,4,02_12_15,2,F,F,N,,,DLR,1,2,3,3,2,3,2,2,3,1,,3,0,10-Jun-15,no,133,118,52,47,1,,,,,,,
MY,D2,6,02_12_15,2,F,F,N,,,DLR,1,3,5,3,4,5,3,1,3,2,2,4,0,17-Jun-15,no rhiz,128,134,48,46,0,,,,,,,
MY,D2,8,02_12_15,2,F,B,N,,,DLR,2,2,3,2,2,3,3,3,4,2,1,3,0,,no rhiz,132,126,64,33,0,,,,,,,
MY,D2,12,02_15_15,2,F,B,N,,,BK,3,6,1,2,1,0,3,2,0,3,4,3,0,23-Jun-15,no rhiz,115,118,43,38,1,,,,,,,
MY,D2,14,02_12_15,2,F,F,N,,,DLR,2,1,3,4,3,6,4,2,4,4,5,6,0,11-Jun-15,no,99,62,73,21,,,,,,,,
MY,E,2,02_12_15,3,F,F,N,,,DLR,1,1,2,4,1,5,3,2,5,4,1,5,0,8-Jun-15,,103,92,66,47,1,,,,,,,
MY,E,4,02_14_15,3,F,F,N,,,BK,6,1,4,2,1,3,3,2,4,2,1,2,0,23-Jun-15,no rhiz,98,102,54,36,1,,,,,,,
MY,F,4,02_12_15,3,F,F,N,,,DLR,1,3,5,2,1,3,3,2,4,3,4,7,0,10-Jun-15,no,81,80,61,39,0,,,,,,,
MY,F,6,02_06_15,2,F,F,N,,,DLR,4,2,1,1,,3,1,,3,2,3,5,0,2-Jun-15,,68,90,55,32,1,,,,,,,
MY,F,8,02_14_15,2,F,F,N,,,BK,2,6,1,3,3,7,3,3,6,3,3,6,0,11-Jun-15,,119,96,56,35,1,,,,,,,
SP,A,2,02_05_15,5,F,F,Y,,,DLR,5,5,11,1,,3,3,1,4,1,,4,1,19-May-15,Rhiz,105,87,72,7,0,,,,,,,
SP,B,2,02_12_15,2,F,N,Y,,,DLR,,,,,,,,,,,,,1,11-Jun-15,Rhiz no inflorescence,91,86,67,3,1,,,,,,,
SP,B,4,02_05_15,4,F,N,Y,,,DLR,5,0,,1,,2,1,,2,3,3,5,0,22-May-15,,78,59,60,1,0,,,,,,,
SP,E,2,02_12_15,3,N,N,N,,,BK,4,3,2,1,,3,2,1,2,1,,2,1,,Rhiz scored based on photo,83,73,100,3,1,,,,,,,
SP,F,2,02_12_15,4,F,F,Y,,,DLR,9,8,7,1,,2,1,,3,1,,4,1,2-Jun-15,Rhiz,108,92,75,3,0,,,,,,,
SP,F,2,02_06_15,3,F,F,Y,Not SP-FS-02(?),,DLR,,,,,,,,,,,,,1,11-Jun-15,Lots rhiz,108,99,73,4,0,,,,,,,
SP,G,2,02_12_15,4,B,N,Y,,,DLR,3,2,,1,,3,1,,3,,,,1,11-Jun-15,Rhiz,109,100,79,3,0,,,,,,,
SP,H,2,02_12_15,3,F,F,Y,,,DLR,1,5,3,1,,2,1,,2,2,2,3,0,10-Jun-15,no rhiz,103,89,67,9,0,,,,,,,
SP,J,2,02_06_15,3,F,N,Y,,,DLR,3,10,2,1,1,3,2,2,3,2,2,2,1,1-Jun-15,rhiz,91,90,82,7,1,,,,,,,
SP,M,2,02_12_15,5,F,F,N,,,DLR,2,3,4,1,,2,3,1,3,1,,4,1,17-Jun-15,rhiz,96,80,75,7,0,,,,,,,
SP,P1,2,02_06_15,4,N,N,Y,,,DLR,10,6,,1,,3,1,,2,2,2,3,1,1-Jun-15,lots of rhiz,,63,52,3,0,,,,,,,
SP,P1,4,02_14_15,2,N,N,Y,lots of rhizome shoots,,BK,1,7,6,2,1,5,1,,5,1,,5,1,15-Jun-15,rhiz,93,79,74,7,1,,,,,,,
SP,P1,6,02_05_15,4,N,N,Y,,,DLR,3,0,2,1,1,5,1,1,1,1,1,5,1,22-May-15,rhiz,82,87,77,4,1,,,,,,,
SP,P1,12,02_12_15,5,F,B,Y,,,DLR,6,5,6,1,,5,1,,3,1,,4,1,11-Jun-15,lots of rhiz,98,80,58,6,1,,,,,,,
SP,P2,4,02_06_15,3,B,B,Y,,,DLR,3,1,3,2,3,5,1,1,2,2,1,4,1,4-Jun-15,Rhiz,167,152,106,5,0,,,,,,,
SP,P2,6,02_05_15,3,N,N,N,,,DLR,1,2,1,1,1,1,1,1,1,1,1,8,0,22-May-15,,132,,78,12,0,,,,,,,
SP,P2,8,02_12_15,4,N,B,Y,,,BK,5,4,3,1,,2,1,,3,1,,2,1,14-Jun-15,rhiz,,119,53,18,0,,,,,,,
SP,P2,11,02_12_15,3,N,N,Y,,,DLR,3,1,0,1,,2,1,,4,1,,1,1,17-Jun-15,rhiz,89,,113,3,0,,,,,,,
SP,Q1,4,02_06_15,3,N,N,N,,,DLR,4,1,3,3,1,4,1,1,2,2,2,2,1,4-Jun-15,rhiz,94,123,118,13,0,,,,,,,
SP,Q1,6,02_06_15,5,F,N,Y,,,DLR,2,1,2,1,,3,1,,3,1,,2,1,2-Jun-15,rhiz,,,93,3,1,,,,,,,
SP,Q1,8,02_12_15,5,B,N,Y,,,DLR,4,5,9,1,,1,1,,5,1,,1,1,2-Jun-15,rhiz,,61,65,7,0,,,,,,,
SP,Q2,2,02_12_15,3,B,B,Y,,,DLR,7,11,7,2,1,5,2,2,5,2,1,5,1,10-Jun-15,rhiz,,92,63,6,0,,,,,,,
SP,Q2,4,02_12_15,4,F,F,Y,,,DLR,4,3,7,12,3,5,2,3,6,2,3,3,1,18-Jun-15,rhiz,128,119,56,6,1,,,,,,,
SP,Q2,6,02_11_15,3,N,N,Y,,,DLR,5,4,4,1,,3,1,,1,1,,3,1,2-Jun-15,rhiz,118,109,87,5,0,,,,,,,
SP,Q2,10,02_15_15,4,B,N,Y,,,BK,4,3,4,1,,4,1,,4,2,2,4,1,15-Jun-15,rhiz,,99,100,9,1,,,,,,,
"traitDataAll <- read.csv(""QTLStudyTraitAnalysis_surv.csv""",header=TRUE),,,,,,,,,,,,,,,,,,,,,,,,,,,,,,,,,,,,