project_name,calendar_year,treatment_year,season,plot,subplot,species,cover,sampler,notes
TEMPEST,2021,0,fall,C,C5,infrastructure cover,10,AY and RB,
TEMPEST,2021,0,fall,C,C5,canopy tree basal cover,3.5,AY and RB,
TEMPEST,2021,0,fall,C,C5,Fagus grandifolia,0.25,AY and RB,
TEMPEST,2021,0,fall,C,C5,Microstegium vimineum,14,AY and RB,
TEMPEST,2021,0,fall,C,C5,Bromus sp,0.25,AY and RB,
TEMPEST,2021,0,fall,C,C5,Carex sp,4,AY and RB,
TEMPEST,2021,0,fall,C,C5,Juniperus virginiana,0.25,AY and RB,
TEMPEST,2021,0,fall,C,C5,Mitchella repens,3,AY and RB,
TEMPEST,2021,0,fall,C,C5,Acer rubrum,0.25,AY and RB,
TEMPEST,2021,0,fall,C,C5,Quercus velutina,0.25,AY and RB,
TEMPEST,2021,0,fall,C,C5,Pinus virginiana,0.25,AY and RB,
TEMPEST,2021,0,fall,C,C5,Rubus phoenicolasius,1,AY and RB,
TEMPEST,2021,0,fall,C,C5,Smilax rotundifolia,0.25,AY and RB,
TEMPEST,2021,0,fall,C,C5,Ilex opaca,0.5,AY and RB,
TEMPEST,2021,0,fall,C,C5,Symphyotrichum lateriflorus,1,AY and RB,
TEMPEST,2021,0,fall,C,C5,Epifagus virginiana,0.25,AY and RB,
TEMPEST,2021,0,fall,C,C5,Parthenocissus quinquefolia,0.25,AY and RB,
TEMPEST,2021,0,fall,C,C5,Elaeagnus umbellata,0.25,AY and RB,
TEMPEST,2021,0,fall,C,C5,Rhus radicans,0.25,AY and RB,
TEMPEST,2021,0,fall,C,C5,Liriodendron tulipifera,0.25,AY and RB,
TEMPEST,2021,0,fall,C,C5,Sassafras albidum,0.25,AY and RB,
TEMPEST,2021,0,fall,C,C5,Chimaphila maculata,0.25,AY and RB,
TEMPEST,2021,0,fall,C,C5,Vitus sp,0.25,AY and RB,
TEMPEST,2021,0,fall,C,C5,Nyssa sylvatica,0.25,AY and RB,
TEMPEST,2021,0,fall,C,C5,Vaccinium fuscatum,0.25,AY and RB,
TEMPEST,2021,0,fall,C,C5,Sanicula canadensis,0.25,AY and RB,
TEMPEST,2021,0,fall,C,C5,Sceptridium biternatum,0.25,AY and RB,
TEMPEST,2021,0,fall,C,C5,Galium circaezans,0.25,AY and RB,
TEMPEST,2021,0,fall,C,C7,infrastructure cover,10,AY and RB,
TEMPEST,2021,0,fall,C,C7,canopy tree basal cover,0.25,AY and RB,
TEMPEST,2021,0,fall,C,C7,Fagus grandifolia,0.25,AY and RB,
TEMPEST,2021,0,fall,C,C7,Microstegium vimineum,0.25,AY and RB,
TEMPEST,2021,0,fall,C,C7,Carex sp,2,AY and RB,
TEMPEST,2021,0,fall,C,C7,Mitchella repens,4,AY and RB,
TEMPEST,2021,0,fall,C,C7,Acer rubrum,0.25,AY and RB,
TEMPEST,2021,0,fall,C,C7,Ilex opaca,0.5,AY and RB,
TEMPEST,2021,0,fall,C,C7,Symphyotrichum lateriflorus,0.25,AY and RB,
TEMPEST,2021,0,fall,C,C7,Epifagus virginiana,0.25,AY and RB,
TEMPEST,2021,0,fall,C,C7,Parthenocissus quinquefolia,0.25,AY and RB,
TEMPEST,2021,0,fall,C,C7,Liriodendron tulipifera,0.25,AY and RB,
TEMPEST,2021,0,fall,C,C7,Chimaphila maculata,0.25,AY and RB,
TEMPEST,2021,0,fall,C,C7,Vitus sp,0.5,AY and RB,
TEMPEST,2021,0,fall,C,C7,Sanicula canadensis,0.25,AY and RB,
TEMPEST,2021,0,fall,C,C7,Sceptridium biternatum,0.25,AY and RB,
TEMPEST,2021,0,fall,C,C7,Galium circaezans,0.5,AY and RB,
TEMPEST,2021,0,fall,C,C7,Asimina triloba,0.25,AY and RB,
TEMPEST,2021,0,fall,C,C7,Amphicarpaea bracteata,0.25,AY and RB,
TEMPEST,2021,0,fall,C,C7,Viola sororia,0.25,AY and RB,
TEMPEST,2021,0,fall,C,C7,Galium triflorum,0.25,AY and RB,
TEMPEST,2021,0,fall,C,C7,Lindera benzoin,0.25,AY and RB,
TEMPEST,2021,0,fall,C,C7,Desmodium nudiflorum,0.25,AY and RB,
TEMPEST,2021,0,fall,C,C7,Berberis thunbergii,0.25,AY and RB,
TEMPEST,2021,0,fall,C,C7,Allium canadense,0.25,AY and RB,
TEMPEST,2021,0,fall,C,E5,infrastructure cover,5,KK,
TEMPEST,2021,0,fall,C,E5,canopy tree basal cover,0.5,KK,
TEMPEST,2021,0,fall,C,E5,Fagus grandifolia,2,KK,
TEMPEST,2021,0,fall,C,E5,Microstegium vimineum,0.5,KK,
TEMPEST,2021,0,fall,C,E5,Bromus sp,0.25,KK,
TEMPEST,2021,0,fall,C,E5,Carex sp,0.25,KK,
TEMPEST,2021,0,fall,C,E5,Mitchella repens,50,KK,
TEMPEST,2021,0,fall,C,E5,Acer rubrum,0.25,KK,
TEMPEST,2021,0,fall,C,E5,Quercus velutina,0.25,KK,
TEMPEST,2021,0,fall,C,E5,Ilex opaca,0.25,KK,
TEMPEST,2021,0,fall,C,E5,Symphyotrichum lateriflorus,0.5,KK,
TEMPEST,2021,0,fall,C,E5,Epifagus virginiana,0.25,KK,
TEMPEST,2021,0,fall,C,E5,Parthenocissus quinquefolia,0.25,KK,
TEMPEST,2021,0,fall,C,E5,Elaeagnus umbellata,0.25,KK,
TEMPEST,2021,0,fall,C,E5,Rhus radicans,0.25,KK,
TEMPEST,2021,0,fall,C,E5,Liriodendron tulipifera,0.25,KK,
TEMPEST,2021,0,fall,C,E5,Vitus sp,0.25,KK,
TEMPEST,2021,0,fall,C,E5,Sanicula canadensis,0.25,KK,
TEMPEST,2021,0,fall,C,E5,Sceptridium biternatum,0.25,KK,
TEMPEST,2021,0,fall,C,E5,Galium circaezans,0.25,KK,
TEMPEST,2021,0,fall,C,E5,Amphicarpaea bracteata,0.25,KK,
TEMPEST,2021,0,fall,C,E5,Galium triflorum,0.25,KK,
TEMPEST,2021,0,fall,C,E5,Lindera benzoin,0.25,KK,
TEMPEST,2021,0,fall,C,E5,Desmodium nudiflorum,1,KK,
TEMPEST,2021,0,fall,C,E5,Maianthemum racemosum,0.5,KK,
TEMPEST,2021,0,fall,C,E5,Botrychium virginianum,0.25,KK,
TEMPEST,2021,0,fall,C,E5,unk robust grass,0.25,KK,
TEMPEST,2021,0,fall,C,E5,Veronica officinalis,0.25,KK,
TEMPEST,2021,0,fall,C,E5,short curly grass bouteloua,0.25,KK,
TEMPEST,2021,0,fall,C,E5,Solidago flexicaulis,0.25,KK,
TEMPEST,2021,0,fall,C,E5,Lonicera japonica,0.25,KK,
TEMPEST,2021,0,fall,C,E5,Solidago gigantea,0.25,KK,
TEMPEST,2021,0,fall,C,F4,infrastructure cover,17,KK,
TEMPEST,2021,0,fall,C,F4,Fagus grandifolia,0.25,KK,
TEMPEST,2021,0,fall,C,F4,Microstegium vimineum,15,KK,
TEMPEST,2021,0,fall,C,F4,Mitchella repens,1,KK,
TEMPEST,2021,0,fall,C,F4,Acer rubrum,0.25,KK,
TEMPEST,2021,0,fall,C,F4,Parthenocissus quinquefolia,0.25,KK,
TEMPEST,2021,0,fall,C,F4,Elaeagnus umbellata,0.25,KK,
TEMPEST,2021,0,fall,C,F4,Rhus radicans,0.25,KK,
TEMPEST,2021,0,fall,C,F4,Liriodendron tulipifera,0.25,KK,
TEMPEST,2021,0,fall,C,F4,Vitus sp,0.25,KK,
TEMPEST,2021,0,fall,C,F4,Sanicula canadensis,0.25,KK,
TEMPEST,2021,0,fall,C,F4,Galium circaezans,0.25,KK,
TEMPEST,2021,0,fall,C,F4,Maianthemum racemosum,0.25,KK,
TEMPEST,2021,0,fall,C,F4,unk robust grass,0.25,KK,
TEMPEST,2021,0,fall,C,F4,Veronica officinalis,0.25,KK,
TEMPEST,2021,0,fall,C,F4,Lonicera japonica,0.25,KK,
TEMPEST,2021,0,fall,C,F4,Solidago gigantea,0.25,KK,
TEMPEST,2021,0,fall,C,F4,Cornus florida,0.25,KK,
TEMPEST,2021,0,fall,C,F4,Carpinus caroliniana,0.25,KK,
TEMPEST,2021,0,fall,C,F4,Carya cordiformis,0.25,KK,
TEMPEST,2021,0,fall,C,G5,infrastructure cover,6,KK,
TEMPEST,2021,0,fall,C,G5,canopy tree basal cover,0.5,KK,
TEMPEST,2021,0,fall,C,G5,Fagus grandifolia,9,KK,
TEMPEST,2021,0,fall,C,G5,Mitchella repens,2,KK,
TEMPEST,2021,0,fall,C,G5,Acer rubrum,0.25,KK,
TEMPEST,2021,0,fall,C,G5,Quercus velutina,0.25,KK,
TEMPEST,2021,0,fall,C,G5,Ilex opaca,1,KK,
TEMPEST,2021,0,fall,C,G5,Symphyotrichum lateriflorus,0.25,KK,
TEMPEST,2021,0,fall,C,G5,Parthenocissus quinquefolia,0.25,KK,
TEMPEST,2021,0,fall,C,G5,Liriodendron tulipifera,0.25,KK,
TEMPEST,2021,0,fall,C,G5,Galium circaezans,0.25,KK,
TEMPEST,2021,0,fall,C,G5,Asimina triloba,0.25,KK,
TEMPEST,2021,0,fall,C,G5,Lonicera japonica,0.25,KK,
TEMPEST,2021,0,fall,C,G5,Cornus florida,0.25,KK,
TEMPEST,2021,0,fall,C,G5,Carya cordiformis,2,KK,
TEMPEST,2021,0,fall,C,G5,Viola sororia,0.25,KK,
TEMPEST,2021,0,fall,C,G5,Tipularia discolor,0.25,KK,
TEMPEST,2021,0,fall,C,H4,infrastructure cover,5,KK,
TEMPEST,2021,0,fall,C,H4,canopy tree basal cover,4,KK,
TEMPEST,2021,0,fall,C,H4,Mitchella repens,40,KK,
TEMPEST,2021,0,fall,C,H4,Sanicula canadensis,0.25,KK,
TEMPEST,2021,0,fall,C,H4,Acer rubrum,0.25,KK,
TEMPEST,2021,0,fall,C,H4,Vitus sp,0.25,KK,
TEMPEST,2021,0,fall,C,H4,Elaeagnus umbellata,0.25,KK,
TEMPEST,2021,0,fall,C,H4,Parthenocissus quinquefolia,0.25,KK,
TEMPEST,2021,0,fall,C,H4,Ilex opaca,1,KK,
TEMPEST,2021,0,fall,C,H4,Liriodendron tulipifera,0.25,KK,
TEMPEST,2021,0,fall,C,H4,Desmodium nudiflorum,2,KK,
TEMPEST,2021,0,fall,C,H4,Quercus falcata,0.25,KK,
TEMPEST,2021,0,fall,C,H4,Carex sp,4,KK,
TEMPEST,2021,0,fall,C,H4,Galium triflorum,0.25,KK,
TEMPEST,2021,0,fall,C,H4,Fagus grandifolia,7,KK,
TEMPEST,2021,0,fall,C,H4,Asimina triloba,2,KK,
TEMPEST,2021,0,fall,C,H4,Galium circaezans,0.25,KK,
TEMPEST,2021,0,fall,C,H4,Sassafras albidum,0.25,KK,
TEMPEST,2021,0,fall,C,H4,Rhus radicans,0.25,KK,
TEMPEST,2021,0,fall,C,H4,Hedera helix,0.25,KK,
TEMPEST,2021,0,fall,C,H4,Lonicera japonica,0.25,KK,
TEMPEST,2021,0,fall,C,H4,Quercus velutina,0.25,KK,
TEMPEST,2021,0,fall,C,H4,Maianthemum racemosum,0.25,KK,
TEMPEST,2021,0,fall,C,H4,Lindera benzoin,0.25,KK,
TEMPEST,2021,0,fall,C,H4,Prunus serotina,0.25,KK,
TEMPEST,2021,0,fall,C,I7,canopy tree basal cover,6,KK,
TEMPEST,2021,0,fall,C,I7,Mitchella repens,15,KK,
TEMPEST,2021,0,fall,C,I7,Sanicula canadensis,0.25,KK,
TEMPEST,2021,0,fall,C,I7,Acer rubrum,0.25,KK,
TEMPEST,2021,0,fall,C,I7,Vitus sp,0.25,KK,
TEMPEST,2021,0,fall,C,I7,Fagus grandifolia,1,KK,
TEMPEST,2021,0,fall,C,I7,Asimina triloba,0.25,KK,
TEMPEST,2021,0,fall,C,I7,Galium circaezans,0.25,KK,
TEMPEST,2021,0,fall,C,I7,Rhus radicans,0.25,KK,
TEMPEST,2021,0,fall,C,I7,Lonicera japonica,0.25,KK,
TEMPEST,2021,0,fall,C,I7,Maianthemum racemosum,0.25,KK,
TEMPEST,2021,0,fall,C,I7,Onoclea sensibilis,0.25,KK,
TEMPEST,2021,0,fall,C,I7,Chimaphila maculata,0.25,KK,
TEMPEST,2021,0,fall,C,I7,Viburnum prunifolium,0.25,KK,
TEMPEST,2021,0,fall,C,I7,Carpinus caroliniana,0.25,KK,
TEMPEST,2021,0,fall,C,D4,infrastructure cover,5,RB,
TEMPEST,2021,0,fall,C,D4,Fagus grandifolia,0.25,RB,
TEMPEST,2021,0,fall,C,D4,Microstegium vimineum,12,RB,
TEMPEST,2021,0,fall,C,D4,Bromus sp,0.25,RB,
TEMPEST,2021,0,fall,C,D4,Ilex opaca,0.25,RB,
TEMPEST,2021,0,fall,C,D4,Liquidambar styraciflua,0.5,RB,
TEMPEST,2021,0,fall,C,D4,Liriodendron tulipifera,0.25,RB,
TEMPEST,2021,0,fall,C,D4,Symphyotrichum lateriflorus,0.25,RB,
TEMPEST,2021,0,fall,C,D4,Carex sp,4,RB,
TEMPEST,2021,0,fall,C,D4,Acer rubrum,0.25,RB,
TEMPEST,2021,0,fall,C,D4,Galium triflorum,0.25,RB,
TEMPEST,2021,0,fall,C,D4,Mitchella repens,0.5,RB,
TEMPEST,2021,0,fall,C,D4,Juniperus virginiana,0.5,RB,
TEMPEST,2021,0,fall,C,D4,Quercus velutina,0.25,RB,
TEMPEST,2021,0,fall,C,D4,Sanicula canadensis,0.25,RB,
TEMPEST,2021,0,fall,C,D4,Tipularia discolor,0.25,RB,
TEMPEST,2021,0,fall,C,D4,Vitus sp,0.25,RB,
TEMPEST,2021,0,fall,C,D4,Rhus radicans,0.25,RB,
TEMPEST,2021,0,fall,C,D4,Carya tomentosa,0.25,RB,
TEMPEST,2021,0,fall,C,D4,Parthenocissus quinquefolia,0.25,RB,
TEMPEST,2021,0,fall,C,D4,Lonicera japonica,0.25,RB,
TEMPEST,2021,0,fall,C,D4,Solidago curtisii,0.25,RB,
TEMPEST,2021,0,fall,C,F2,infrastructure cover,10,RB,
TEMPEST,2021,0,fall,C,F2,canopy tree basal cover,3,RB,
TEMPEST,2021,0,fall,C,F2,Fagus grandifolia,20,RB,
TEMPEST,2021,0,fall,C,F2,Microstegium vimineum,20,RB,
TEMPEST,2021,0,fall,C,F2,Ilex opaca,0.5,RB,
TEMPEST,2021,0,fall,C,F2,Liquidambar styraciflua,0.25,RB,
TEMPEST,2021,0,fall,C,F2,Liriodendron tulipifera,0.25,RB,
TEMPEST,2021,0,fall,C,F2,Acer rubrum,0.25,RB,
TEMPEST,2021,0,fall,C,F2,Mitchella repens,0.5,RB,
TEMPEST,2021,0,fall,C,F2,Juniperus virginiana,0.25,RB,
TEMPEST,2021,0,fall,C,F2,Quercus velutina,0.25,RB,
TEMPEST,2021,0,fall,C,F2,Tipularia discolor,0.25,RB,
TEMPEST,2021,0,fall,C,F2,Vitus sp,0.25,RB,
TEMPEST,2021,0,fall,C,F2,Rhus radicans,0.25,RB,
TEMPEST,2021,0,fall,C,F2,Carya tomentosa,0.5,RB,
TEMPEST,2021,0,fall,C,F2,Parthenocissus quinquefolia,0.25,RB,
TEMPEST,2021,0,fall,C,F2,Lonicera japonica,0.25,RB,
TEMPEST,2021,0,fall,C,F2,Epifagus virginiana,0.25,RB,
TEMPEST,2021,0,fall,C,F2,Smilax rotundifolia,0.25,RB,
TEMPEST,2021,0,fall,C,F2,Elaeagnus umbellata,0.25,RB,
TEMPEST,2021,0,fall,C,F2,Vaccinium pallidum,0.5,RB,
TEMPEST,2021,0,fall,C,F2,Lindera benzoin,0.25,RB,
TEMPEST,2021,0,fall,C,F2,Nyssa sylvatica,0.25,RB,
TEMPEST,2021,0,fall,C,I5,infrastructure cover,5,RB,
TEMPEST,2021,0,fall,C,I5,canopy tree basal cover,0.5,RB,
TEMPEST,2021,0,fall,C,I5,Fagus grandifolia,20,RB,
TEMPEST,2021,0,fall,C,I5,Ilex opaca,0.5,RB,
TEMPEST,2021,0,fall,C,I5,Liriodendron tulipifera,0.25,RB,
TEMPEST,2021,0,fall,C,I5,Acer rubrum,0.25,RB,
TEMPEST,2021,0,fall,C,I5,Mitchella repens,6,RB,
TEMPEST,2021,0,fall,C,I5,Quercus velutina,0.5,RB,
TEMPEST,2021,0,fall,C,I5,Sanicula canadensis,0.25,RB,
TEMPEST,2021,0,fall,C,I5,Tipularia discolor,0.25,RB,
TEMPEST,2021,0,fall,C,I5,Carya tomentosa,0.25,RB,
TEMPEST,2021,0,fall,C,I5,Parthenocissus quinquefolia,0.25,RB,
TEMPEST,2021,0,fall,C,I5,Lonicera japonica,0.25,RB,
TEMPEST,2021,0,fall,C,I5,Elaeagnus umbellata,0.25,RB,
TEMPEST,2021,0,fall,C,I5,Galium circaezans,0.5,RB,
TEMPEST,2021,0,fall,C,I5,Maianthemum racemosum,0.5,RB,
TEMPEST,2021,0,fall,C,I5,Rubus phoenicolasius,0.25,RB,
TEMPEST,2021,0,fall,C,I5,Desmodium nudiflorum,0.25,RB,
TEMPEST,2021,0,fall,C,B2,infrastructure cover,5,everyone,
TEMPEST,2021,0,fall,C,B2,canopy tree basal cover,0.25,everyone,
TEMPEST,2021,0,fall,C,B2,Fagus grandifolia,7,everyone,
TEMPEST,2021,0,fall,C,B2,Quercus velutina,0.25,everyone,
TEMPEST,2021,0,fall,C,B2,Acer rubrum,0.25,everyone,
TEMPEST,2021,0,fall,C,B2,Sassafras albidum,0.25,everyone,
TEMPEST,2021,0,fall,C,B2,Carya cordiformis,0.25,everyone,
TEMPEST,2021,0,fall,C,B2,Carya tomentosa,0.25,everyone,
TEMPEST,2021,0,fall,C,B2,Juniperus virginiana,0.25,everyone,
TEMPEST,2021,0,fall,C,B2,Rhus radicans,0.25,everyone,
TEMPEST,2021,0,fall,C,B2,Liriodendron tulipifera,0.25,everyone,
TEMPEST,2021,0,fall,C,B2,Elaeagnus umbellata,0.25,everyone,
TEMPEST,2021,0,fall,C,B2,Parthenocissus quinquefolia,0.25,everyone,
TEMPEST,2021,0,fall,C,B2,Mitchella repens,0.25,everyone,
TEMPEST,2021,0,fall,C,B2,Ilex opaca,0.5,everyone,
TEMPEST,2021,0,fall,C,B2,Smilax glauca,0.25,everyone,
TEMPEST,2021,0,fall,C,B2,Tipularia discolor,0.25,everyone,
TEMPEST,2021,0,fall,C,B2,Chimaphila maculata,1,everyone,
TEMPEST,2021,0,fall,C,B2,Veronica officinalis,0.25,everyone,
TEMPEST,2021,0,fall,C,B2,Sceptridium biternatum,0.25,everyone,
TEMPEST,2021,0,fall,C,B2,Desmodium nudiflorum,0.25,everyone,
TEMPEST,2021,0,fall,C,B2,Epifagus virginiana,6,everyone,
TEMPEST,2021,0,fall,C,B2,Vitus sp,0.25,everyone,
TEMPEST,2021,0,fall,C,B2,Liquidambar styraciflua,0.25,everyone,
TEMPEST,2021,0,fall,C,B2,Carex sp,1,everyone,
TEMPEST,2021,0,fall,C,B2,Microstegium vimineum,0.25,everyone,
TEMPEST,2021,0,fall,C,B2,Bromus sp,0.5,everyone,
TEMPEST,2021,0,fall,C,B4,infrastructure cover,5,KK and SA,
TEMPEST,2021,0,fall,C,B4,canopy tree basal cover,3,KK and SA,
TEMPEST,2021,0,fall,C,B4,Fagus grandifolia,5,KK and SA,
TEMPEST,2021,0,fall,C,B4,Quercus velutina,0.5,KK and SA,
TEMPEST,2021,0,fall,C,B4,Acer rubrum,0.25,KK and SA,
TEMPEST,2021,0,fall,C,B4,Sassafras albidum,0.25,KK and SA,
TEMPEST,2021,0,fall,C,B4,Carya tomentosa,0.25,KK and SA,
TEMPEST,2021,0,fall,C,B4,Juniperus virginiana,0.25,KK and SA,
TEMPEST,2021,0,fall,C,B4,Rhus radicans,0.25,KK and SA,
TEMPEST,2021,0,fall,C,B4,Liriodendron tulipifera,0.25,KK and SA,
TEMPEST,2021,0,fall,C,B4,Elaeagnus umbellata,0.25,KK and SA,
TEMPEST,2021,0,fall,C,B4,Parthenocissus quinquefolia,0.25,KK and SA,
TEMPEST,2021,0,fall,C,B4,Mitchella repens,20,KK and SA,
TEMPEST,2021,0,fall,C,B4,Ilex opaca,3,KK and SA,
TEMPEST,2021,0,fall,C,B4,Smilax glauca,0.25,KK and SA,
TEMPEST,2021,0,fall,C,B4,Tipularia discolor,0.25,KK and SA,
TEMPEST,2021,0,fall,C,B4,Chimaphila maculata,1,KK and SA,
TEMPEST,2021,0,fall,C,B4,Veronica officinalis,0.25,KK and SA,
TEMPEST,2021,0,fall,C,B4,Desmodium nudiflorum,0.25,KK and SA,
TEMPEST,2021,0,fall,C,B4,Vitus sp,0.25,KK and SA,
TEMPEST,2021,0,fall,C,B4,Liquidambar styraciflua,0.25,KK and SA,
TEMPEST,2021,0,fall,C,B4,Carex sp,6,KK and SA,
TEMPEST,2021,0,fall,C,B4,Microstegium vimineum,9,KK and SA,
TEMPEST,2021,0,fall,C,B4,Bromus sp,0.25,KK and SA,
TEMPEST,2021,0,fall,C,B4,Vaccinium pallidum,5,KK and SA,
TEMPEST,2021,0,fall,C,B4,Galium triflorum,0.25,KK and SA,
TEMPEST,2021,0,fall,C,B4,Galium circaezans,0.25,KK and SA,
TEMPEST,2021,0,fall,C,B4,Cynoglossum virginianum,3,KK and SA,
TEMPEST,2021,0,fall,C,B4,wispy fireworks grass,0.5,KK and SA,
TEMPEST,2021,0,fall,C,B4,Cornus florida,1,KK and SA,
TEMPEST,2021,0,fall,C,B4,Euonymus alatus,0.25,KK and SA,
TEMPEST,2021,0,fall,C,B4,Sanicula canadensis,0.25,KK and SA,
TEMPEST,2021,0,fall,C,B4,Nyssa sylvatica,0.25,KK and SA,
TEMPEST,2021,0,fall,C,B4,Campsis radicans,0.25,KK and SA,
TEMPEST,2021,0,fall,C,B4,Pinus virginiana,0.25,KK and SA,
TEMPEST,2021,0,fall,C,B4,Symphyotrichum pilosum,0.25,KK and SA,
TEMPEST,2021,0,fall,C,B4,Phryma leptostachya,0.25,KK and SA,
TEMPEST,2021,0,fall,C,B4,Amphicarpaea bracteata,35,KK and SA,
TEMPEST,2021,0,fall,C,B4,bare ground,5,KK and SA,
TEMPEST,2021,0,fall,C,D2,infrastructure cover,5,KK and SA,
TEMPEST,2021,0,fall,C,D2,canopy tree basal cover,1,KK and SA,
TEMPEST,2021,0,fall,C,D2,Fagus grandifolia,2,KK and SA,
TEMPEST,2021,0,fall,C,D2,Quercus velutina,0.5,KK and SA,
TEMPEST,2021,0,fall,C,D2,Acer rubrum,0.25,KK and SA,
TEMPEST,2021,0,fall,C,D2,Carya cordiformis,2,KK and SA,
TEMPEST,2021,0,fall,C,D2,Juniperus virginiana,0.25,KK and SA,
TEMPEST,2021,0,fall,C,D2,Liriodendron tulipifera,0.25,KK and SA,
TEMPEST,2021,0,fall,C,D2,Elaeagnus umbellata,0.25,KK and SA,
TEMPEST,2021,0,fall,C,D2,Parthenocissus quinquefolia,0.25,KK and SA,
TEMPEST,2021,0,fall,C,D2,Mitchella repens,0.25,KK and SA,
TEMPEST,2021,0,fall,C,D2,Ilex opaca,5,KK and SA,
TEMPEST,2021,0,fall,C,D2,Smilax glauca,0.25,KK and SA,
TEMPEST,2021,0,fall,C,D2,Epifagus virginiana,0.25,KK and SA,
TEMPEST,2021,0,fall,C,D2,Vitus sp,0.25,KK and SA,
TEMPEST,2021,0,fall,C,D2,Liquidambar styraciflua,0.25,KK and SA,
TEMPEST,2021,0,fall,C,D2,Carex sp,1,KK and SA,
TEMPEST,2021,0,fall,C,D2,Microstegium vimineum,6,KK and SA,
TEMPEST,2021,0,fall,C,D2,Vaccinium pallidum,0.25,KK and SA,
TEMPEST,2021,0,fall,C,D2,Cornus florida,0.25,KK and SA,
TEMPEST,2021,0,fall,C,D2,Sanicula canadensis,0.25,KK and SA,
TEMPEST,2021,0,fall,C,D2,Pinus virginiana,1,KK and SA,
TEMPEST,2021,0,fall,C,D2,Quercus falcata,0.25,KK and SA,
TEMPEST,2021,0,fall,C,D2,Carpinus caroliniana,0.25,KK and SA,
TEMPEST,2021,0,fall,C,D2,Viburnum prunifolium,0.25,KK and SA,
TEMPEST,2021,0,fall,C,D2,Quercus alba,0.25,KK and SA,
TEMPEST,2021,0,fall,C,E7,infrastructure cover,9,KK and SA,
TEMPEST,2021,0,fall,C,E7,canopy tree basal cover,5,KK and SA,
TEMPEST,2021,0,fall,C,E7,Fagus grandifolia,8,KK and SA,
TEMPEST,2021,0,fall,C,E7,Acer rubrum,0.25,KK and SA,
TEMPEST,2021,0,fall,C,E7,Carya tomentosa,0.25,KK and SA,
TEMPEST,2021,0,fall,C,E7,Juniperus virginiana,0.25,KK and SA,
TEMPEST,2021,0,fall,C,E7,Liriodendron tulipifera,0.25,KK and SA,
TEMPEST,2021,0,fall,C,E7,Parthenocissus quinquefolia,0.25,KK and SA,
TEMPEST,2021,0,fall,C,E7,Mitchella repens,0.25,KK and SA,
TEMPEST,2021,0,fall,C,E7,Ilex opaca,2,KK and SA,
TEMPEST,2021,0,fall,C,E7,Smilax glauca,0.25,KK and SA,
TEMPEST,2021,0,fall,C,E7,Sceptridium biternatum,0.25,KK and SA,
TEMPEST,2021,0,fall,C,E7,Desmodium nudiflorum,0.25,KK and SA,
TEMPEST,2021,0,fall,C,E7,Epifagus virginiana,1,KK and SA,
TEMPEST,2021,0,fall,C,E7,Vitus sp,0.25,KK and SA,
TEMPEST,2021,0,fall,C,E7,Galium circaezans,0.25,KK and SA,
TEMPEST,2021,0,fall,C,E7,Nyssa sylvatica,0.25,KK and SA,
TEMPEST,2021,0,fall,C,E7,Carpinus caroliniana,0.25,KK and SA,
TEMPEST,2021,0,fall,C,E7,Viburnum prunifolium,0.25,KK and SA,
TEMPEST,2021,0,fall,C,E7,Quercus alba,0.25,KK and SA,
TEMPEST,2021,0,fall,C,E7,Maianthemum racemosum,0.25,KK and SA,
TEMPEST,2021,0,fall,C,E7,Lindera benzoin,0.25,KK and SA,
TEMPEST,2021,0,fall,C,E7,Botrychium virginianum,0.25,KK and SA,
TEMPEST,2021,0,fall,C,E7,Asimina triloba,0.25,KK and SA,
TEMPEST,2021,0,fall,C,G7,canopy tree basal cover,6,KK and SA,
TEMPEST,2021,0,fall,C,G7,Fagus grandifolia,8,KK and SA,
TEMPEST,2021,0,fall,C,G7,Acer rubrum,0.25,KK and SA,
TEMPEST,2021,0,fall,C,G7,Rhus radicans,0.25,KK and SA,
TEMPEST,2021,0,fall,C,G7,Mitchella repens,6,KK and SA,
TEMPEST,2021,0,fall,C,G7,Ilex opaca,4,KK and SA,
TEMPEST,2021,0,fall,C,G7,Tipularia discolor,0.25,KK and SA,
TEMPEST,2021,0,fall,C,G7,Chimaphila maculata,0.25,KK and SA,
TEMPEST,2021,0,fall,C,G7,Sceptridium biternatum,0.25,KK and SA,
TEMPEST,2021,0,fall,C,G7,Vitus sp,0.25,KK and SA,
TEMPEST,2021,0,fall,C,G7,Galium circaezans,0.25,KK and SA,
TEMPEST,2021,0,fall,C,G7,Sanicula canadensis,0.25,KK and SA,
TEMPEST,2021,0,fall,C,G7,Nyssa sylvatica,0.25,KK and SA,
TEMPEST,2021,0,fall,C,G7,Carpinus caroliniana,1,KK and SA,
TEMPEST,2021,0,fall,C,G7,Viburnum prunifolium,0.25,KK and SA,
TEMPEST,2021,0,fall,C,G7,Maianthemum racemosum,0.25,KK and SA,
TEMPEST,2021,0,fall,C,G7,Botrychium virginianum,0.25,KK and SA,
TEMPEST,2021,0,fall,C,G7,Lonicera japonica,0.25,KK and SA,
TEMPEST,2021,0,fall,C,G7,Smilax glauca,0.25,KK and SA,
TEMPEST,2021,0,fall,C,G7,Prunus serotina,0.25,KK and SA,
TEMPEST,2021,0,fall,C,G7,Symphyotrichum lateriflorus,0.25,KK and SA,
TEMPEST,2021,0,fall,C,H2,canopy tree basal cover,1,SA,
TEMPEST,2021,0,fall,C,H2,Carya tomentosa,0.25,SA,
TEMPEST,2021,0,fall,C,H2,Fagus grandifolia,8,SA,
TEMPEST,2021,0,fall,C,H2,Desmodium nudiflorum,0.25,SA,
TEMPEST,2021,0,fall,C,H2,Ilex opaca,0.25,SA,
TEMPEST,2021,0,fall,C,H2,Liriodendron tulipifera,0.25,SA,
TEMPEST,2021,0,fall,C,H2,Parthenocissus quinquefolia,0.25,SA,
TEMPEST,2021,0,fall,C,H2,Acer rubrum,0.25,SA,
TEMPEST,2021,0,fall,C,H2,Mitchella repens,1,SA,
TEMPEST,2021,0,fall,C,H2,Tipularia discolor,0.25,SA,
TEMPEST,2021,0,fall,C,H2,Juniperus virginiana,0.25,SA,
TEMPEST,2021,0,fall,C,H2,Smilax glauca,0.25,SA,
TEMPEST,2021,0,fall,C,H2,Pinus virginiana,0.25,SA,
TEMPEST,2021,0,fall,C,H2,Quercus prinus,0.25,SA,
TEMPEST,2021,0,fall,C,H2,Carex sp,0.25,SA,
TEMPEST,2021,0,fall,C,H2,Elaeagnus umbellata,0.25,SA,
TEMPEST,2021,0,fall,C,H2,Nyssa sylvatica,0.25,SA,
TEMPEST,2021,0,fall,C,H2,Vaccinium pallidum,0.25,SA,
TEMPEST,2021,0,fall,C,H2,Symphyotrichum lateriflorus,0.25,SA,
TEMPEST,2021,0,fall,C,H2,Lindera benzoin,0.25,SA,
TEMPEST,2021,0,fall,C,additional,Rubus allegheniensis,0,AH,
TEMPEST,2021,0,fall,C,additional,Aralia spinosa,0,AH,
TEMPEST,2021,0,fall,C,additional,Ulmus rubra,0,AH,
TEMPEST,2021,0,fall,C,additional,Botrychium dissectum,0,AH,
TEMPEST,2021,0,fall,C,additional,Celastrus orbiculatus,0,AH,
TEMPEST,2021,0,fall,C,additional,Taraxacum officinale ,0,AH,
TEMPEST,2021,0,fall,S,B4,infrastructure cover,6,KK,
TEMPEST,2021,0,fall,S,B4,canopy tree basal cover,0.25,KK,
TEMPEST,2021,0,fall,S,B4,Acer rubrum,0.25,KK,
TEMPEST,2021,0,fall,S,B4,Carya cordiformis,1,KK,
TEMPEST,2021,0,fall,S,B4,Fagus grandifolia,4,KK,
TEMPEST,2021,0,fall,S,B4,Liriodendron tulipifera,0.25,KK,
TEMPEST,2021,0,fall,S,B4,Quercus falcata,0.5,KK,
TEMPEST,2021,0,fall,S,B4,Lindera benzoin,0.5,KK,
TEMPEST,2021,0,fall,S,B4,Viburnum prunifolium,0.25,KK,
TEMPEST,2021,0,fall,S,B4,Sceptridium biternatum,0.25,KK,
TEMPEST,2021,0,fall,S,B4,Epifagus virginiana,0.25,KK,
TEMPEST,2021,0,fall,S,B4,Galium triflorum,0.25,KK,
TEMPEST,2021,0,fall,S,B4,Lonicera japonica,0.25,KK,
TEMPEST,2021,0,fall,S,B4,Microstegium vimineum,15,KK,
TEMPEST,2021,0,fall,S,B4,Mitchella repens,90,KK,
TEMPEST,2021,0,fall,S,B4,Parthenocissus quinquefolia,0.25,KK,
TEMPEST,2021,0,fall,S,B4,Rhus radicans,0.25,KK,
TEMPEST,2021,0,fall,S,B4,Smilex glauca,0.25,KK,
TEMPEST,2021,0,fall,S,B4,Vitus sp,0.25,KK,
TEMPEST,2021,0,fall,S,B4,Rubus phoenicolasius,3,KK,
TEMPEST,2021,0,fall,S,B4,Viola sororia,1,KK,
TEMPEST,2021,0,fall,S,B4,Bromus sp,0.25,KK,
TEMPEST,2021,0,fall,S,B4,Carex sp,0.25,KK,
TEMPEST,2021,0,fall,S,B4,Rosa multiflora,3,KK,
TEMPEST,2021,0,fall,S,B4,Vaccinium pallidum,0.5,KK,
TEMPEST,2021,0,fall,S,B4,Polygonum virginianum,0.25,KK,
TEMPEST,2021,0,fall,S,B4,Cryptotaenia canadensis,0.25,KK,
TEMPEST,2021,0,fall,S,B4,Botrychium dissectum,0.25,KK,
TEMPEST,2021,0,fall,S,C7,infrastructure cover,5,KK,
TEMPEST,2021,0,fall,S,C7,canopy tree basal cover,5,KK,
TEMPEST,2021,0,fall,S,C7,Acer rubrum,0.25,KK,
TEMPEST,2021,0,fall,S,C7,Carya cordiformis,0.25,KK,
TEMPEST,2021,0,fall,S,C7,Sceptridium biternatum,0.25,KK,
TEMPEST,2021,0,fall,S,C7,Galium circaezans,0.25,KK,
TEMPEST,2021,0,fall,S,C7,Lonicera japonica,15,KK,
TEMPEST,2021,0,fall,S,C7,Maianthemum racemosum,0.25,KK,
TEMPEST,2021,0,fall,S,C7,Microstegium vimineum,0.25,KK,
TEMPEST,2021,0,fall,S,C7,Mitchella repens,23,KK,
TEMPEST,2021,0,fall,S,C7,Parthenocissus quinquefolia,0.25,KK,
TEMPEST,2021,0,fall,S,C7,Smilex glauca,0.25,KK,
TEMPEST,2021,0,fall,S,C7,Tipularia discolor,0.25,KK,
TEMPEST,2021,0,fall,S,C7,Vitus sp,0.25,KK,
TEMPEST,2021,0,fall,S,C7,Viola sororia,0.25,KK,
TEMPEST,2021,0,fall,S,C7,Bromus sp,0.25,KK,
TEMPEST,2021,0,fall,S,C7,Cryptotaenia canadensis,2,KK,
TEMPEST,2021,0,fall,S,C7,Berberis thunbergii,0.25,KK,
TEMPEST,2021,0,fall,S,C7,Allium canadense,1,KK,
TEMPEST,2021,0,fall,S,C7,Botrychium dissectum,0.25,KK,
TEMPEST,2021,0,fall,S,D2,infrastructure cover,5,KK,
TEMPEST,2021,0,fall,S,D2,canopy tree basal cover,0.5,KK,
TEMPEST,2021,0,fall,S,D2,Acer rubrum,0.25,KK,
TEMPEST,2021,0,fall,S,D2,Carya cordiformis,0.25,KK,
TEMPEST,2021,0,fall,S,D2,Fagus grandifolia,0.25,KK,
TEMPEST,2021,0,fall,S,D2,Liriodendron tulipifera,0.25,KK,
TEMPEST,2021,0,fall,S,D2,Lindera benzoin,0.25,KK,
TEMPEST,2021,0,fall,S,D2,Viburnum prunifolium,0.25,KK,
TEMPEST,2021,0,fall,S,D2,Sceptridium biternatum,0.25,KK,
TEMPEST,2021,0,fall,S,D2,Sanicula canadensis,0.25,KK,
TEMPEST,2021,0,fall,S,D2,Epifagus virginiana,0.25,KK,
TEMPEST,2021,0,fall,S,D2,Galium circaezans,0.25,KK,
TEMPEST,2021,0,fall,S,D2,Galium triflorum,0.25,KK,
TEMPEST,2021,0,fall,S,D2,Lonicera japonica,0.5,KK,
TEMPEST,2021,0,fall,S,D2,Mitchella repens,50,KK,
TEMPEST,2021,0,fall,S,D2,Rhus radicans,0.25,KK,
TEMPEST,2021,0,fall,S,D2,Tipularia discolor,0.25,KK,
TEMPEST,2021,0,fall,S,D2,Vitus sp,0.25,KK,
TEMPEST,2021,0,fall,S,D2,Bromus sp,0.25,KK,
TEMPEST,2021,0,fall,S,D2,Vaccinium pallidum,2,KK,
TEMPEST,2021,0,fall,S,D2,Cryptotaenia canadensis,0.25,KK,
TEMPEST,2021,0,fall,S,E7,infrastructure cover,9,KK,
TEMPEST,2021,0,fall,S,E7,canopy tree basal cover,1,KK,
TEMPEST,2021,0,fall,S,E7,Acer rubrum,0.25,KK,
TEMPEST,2021,0,fall,S,E7,Ilex opaca,0.25,KK,
TEMPEST,2021,0,fall,S,E7,Lindera benzoin,0.25,KK,
TEMPEST,2021,0,fall,S,E7,Viburnum prunifolium,0.25,KK,
TEMPEST,2021,0,fall,S,E7,Sceptridium biternatum,0.25,KK,
TEMPEST,2021,0,fall,S,E7,Lonicera japonica,1,KK,
TEMPEST,2021,0,fall,S,E7,Maianthemum racemosum,0.25,KK,
TEMPEST,2021,0,fall,S,E7,Mitchella repens,22,KK,
TEMPEST,2021,0,fall,S,E7,Symphyotrichum lateriflorus,0.25,KK,
TEMPEST,2021,0,fall,S,E7,Smilex glauca,0.25,KK,
TEMPEST,2021,0,fall,S,E7,Viola sororia,0.25,KK,
TEMPEST,2021,0,fall,S,E7,Cryptotaenia canadensis,0.25,KK,
TEMPEST,2021,0,fall,S,E7,Berberis thunbergii,0.25,KK,
TEMPEST,2021,0,fall,S,E7,Botrychium dissectum,0.25,KK,
TEMPEST,2021,0,fall,S,F4,infrastructure cover,8,KK,
TEMPEST,2021,0,fall,S,F4,canopy tree basal cover,1,KK,
TEMPEST,2021,0,fall,S,F4,Carya cordiformis,0.25,KK,
TEMPEST,2021,0,fall,S,F4,Lindera benzoin,0.25,KK,
TEMPEST,2021,0,fall,S,F4,Polystichum acrostichoides,0.5,KK,
TEMPEST,2021,0,fall,S,F4,Sceptridium biternatum,0.25,KK,
TEMPEST,2021,0,fall,S,F4,Sanicula canadensis,0.25,KK,
TEMPEST,2021,0,fall,S,F4,Galium circaezans,0.25,KK,
TEMPEST,2021,0,fall,S,F4,Lonicera japonica,0.5,KK,
TEMPEST,2021,0,fall,S,F4,Mitchella repens,0.25,KK,
TEMPEST,2021,0,fall,S,F4,Rhus radicans,0.25,KK,
TEMPEST,2021,0,fall,S,F4,Viola sororia,2,KK,
TEMPEST,2021,0,fall,S,F4,Bromus sp,0.25,KK,
TEMPEST,2021,0,fall,S,F4,Berberis thunbergii,0.25,KK,
TEMPEST,2021,0,fall,S,F4,Botrychium dissectum,0.25,KK,
TEMPEST,2021,0,fall,S,G7,infrastructure cover,8,KK,
TEMPEST,2021,0,fall,S,G7,canopy tree basal cover,0.5,KK,
TEMPEST,2021,0,fall,S,G7,Acer rubrum,0.25,KK,
TEMPEST,2021,0,fall,S,G7,Carya cordiformis,0.25,KK,
TEMPEST,2021,0,fall,S,G7,Fagus grandifolia,3,KK,
TEMPEST,2021,0,fall,S,G7,Quercus velutina,0.25,KK,
TEMPEST,2021,0,fall,S,G7,Elaeagnus umbellata,0.25,KK,
TEMPEST,2021,0,fall,S,G7,Lindera benzoin,0.25,KK,
TEMPEST,2021,0,fall,S,G7,Viburnum prunifolium,0.25,KK,
TEMPEST,2021,0,fall,S,G7,Botrychium virginianum,0.25,KK,
TEMPEST,2021,0,fall,S,G7,Onoclea sensibilis,0.25,KK,
TEMPEST,2021,0,fall,S,G7,Sceptridium biternatum,0.25,KK,
TEMPEST,2021,0,fall,S,G7,Sanicula canadensis,0.25,KK,
TEMPEST,2021,0,fall,S,G7,Lonicera japonica,22,KK,
TEMPEST,2021,0,fall,S,G7,Microstegium vimineum,0.25,KK,
TEMPEST,2021,0,fall,S,G7,Mitchella repens,35,KK,
TEMPEST,2021,0,fall,S,G7,Parthenocissus quinquefolia,0.25,KK,
TEMPEST,2021,0,fall,S,G7,Rhus radicans,0.25,KK,
TEMPEST,2021,0,fall,S,G7,Symphyotrichum lateriflorus,3,KK,
TEMPEST,2021,0,fall,S,G7,Smilex glauca,0.25,KK,
TEMPEST,2021,0,fall,S,G7,Vitus sp,0.25,KK,
TEMPEST,2021,0,fall,S,G7,Carex sp,3,KK,
TEMPEST,2021,0,fall,S,G7,Allium canadense,1,KK,
TEMPEST,2021,0,fall,S,G7,Nyssa sylvatica,0.25,KK,
TEMPEST,2021,0,fall,S,G7,Viola sororia,0.25,KK,
TEMPEST,2021,0,fall,S,G7,Bromus sp,3,KK,
TEMPEST,2021,0,fall,S,G7,Prunus serotina,0.25,KK,
TEMPEST,2021,0,fall,S,G7,Rosa multiflora,4,KK,
TEMPEST,2021,0,fall,S,G7,bare ground,30,KK,
TEMPEST,2021,0,fall,S,H2,infrastructure cover,5,KK,
TEMPEST,2021,0,fall,S,H2,canopy tree basal cover,5,KK,
TEMPEST,2021,0,fall,S,H2,Acer rubrum,0.25,KK,
TEMPEST,2021,0,fall,S,H2,Fagus grandifolia,0.25,KK,
TEMPEST,2021,0,fall,S,H2,Lindera benzoin,0.25,KK,
TEMPEST,2021,0,fall,S,H2,Viburnum prunifolium,0.25,KK,
TEMPEST,2021,0,fall,S,H2,Botrychium virginianum,0.25,KK,
TEMPEST,2021,0,fall,S,H2,Sceptridium biternatum,0.25,KK,
TEMPEST,2021,0,fall,S,H2,Sanicula canadensis,0.25,KK,
TEMPEST,2021,0,fall,S,H2,Lonicera japonica,1,KK,
TEMPEST,2021,0,fall,S,H2,Mitchella repens,3,KK,
TEMPEST,2021,0,fall,S,H2,Rhus radicans,0.25,KK,
TEMPEST,2021,0,fall,S,H2,Smilex glauca,1,KK,
TEMPEST,2021,0,fall,S,H2,Carex sp,0.25,KK,
TEMPEST,2021,0,fall,S,H2,Allium canadense,0.25,KK,
TEMPEST,2021,0,fall,S,H2,Viola sororia,1,KK,
TEMPEST,2021,0,fall,S,H2,Fragaria virginiana,0.25,KK,
TEMPEST,2021,0,fall,S,I7,infrastructure cover,5,KK,
TEMPEST,2021,0,fall,S,I7,canopy tree basal cover,2,KK,
TEMPEST,2021,0,fall,S,I7,Acer rubrum,0.25,KK,
TEMPEST,2021,0,fall,S,I7,Carya cordiformis,0.25,KK,
TEMPEST,2021,0,fall,S,I7,Fagus grandifolia,0.25,KK,
TEMPEST,2021,0,fall,S,I7,Lindera benzoin,0.25,KK,
TEMPEST,2021,0,fall,S,I7,Botrychium virginianum,1,KK,
TEMPEST,2021,0,fall,S,I7,Sceptridium biternatum,0.25,KK,
TEMPEST,2021,0,fall,S,I7,Sanicula canadensis,0.25,KK,
TEMPEST,2021,0,fall,S,I7,Galium circaezans,0.25,KK,
TEMPEST,2021,0,fall,S,I7,Lonicera japonica,0.5,KK,
TEMPEST,2021,0,fall,S,I7,Mitchella repens,0.25,KK,
TEMPEST,2021,0,fall,S,I7,Symphyotrichum lateriflorus,0.5,KK,
TEMPEST,2021,0,fall,S,I7,Carex sp,0.25,KK,
TEMPEST,2021,0,fall,S,I7,Allium canadense,0.25,KK,
TEMPEST,2021,0,fall,S,I7,Botrychium dissectum,0.25,KK,
TEMPEST,2021,0,fall,S,G5,canopy tree basal cover,6,SA,
TEMPEST,2021,0,fall,S,G5,Viburnum prunifolium,0.25,SA,
TEMPEST,2021,0,fall,S,G5,Botrychium virginianum,0.25,SA,
TEMPEST,2021,0,fall,S,G5,Sanicula canadensis,0.25,SA,
TEMPEST,2021,0,fall,S,G5,Lonicera japonica,0.25,SA,
TEMPEST,2021,0,fall,S,G5,Mitchella repens,3,SA,
TEMPEST,2021,0,fall,S,G5,Smilex glauca,0.25,SA,
TEMPEST,2021,0,fall,S,G5,Carex sp,1,SA,
TEMPEST,2021,0,fall,S,G5,Allium canadense,0.25,SA,
TEMPEST,2021,0,fall,S,G5,Viola sororia,0.25,SA,
TEMPEST,2021,0,fall,S,G5,Glechoma hederacea,0.25,SA,
TEMPEST,2021,0,fall,S,G5,Rubus occidentalis,0.25,SA,
TEMPEST,2021,0,fall,S,G5,Fragaria virginiana,0.25,SA,
TEMPEST,2021,0,fall,S,G5,Geum canadense,0.25,SA,
TEMPEST,2021,0,fall,S,H4,infrastructure cover,20,SA,
TEMPEST,2021,0,fall,S,H4,canopy tree basal cover,4,SA,
TEMPEST,2021,0,fall,S,H4,Acer rubrum,0.25,SA,
TEMPEST,2021,0,fall,S,H4,Carya cordiformis,0.25,SA,
TEMPEST,2021,0,fall,S,H4,Liriodendron tulipifera,0.25,SA,
TEMPEST,2021,0,fall,S,H4,Elaeagnus umbellata,0.25,SA,
TEMPEST,2021,0,fall,S,H4,Ilex opaca,0.25,SA,
TEMPEST,2021,0,fall,S,H4,Lindera benzoin,0.25,SA,
TEMPEST,2021,0,fall,S,H4,Viburnum prunifolium,0.25,SA,
TEMPEST,2021,0,fall,S,H4,Sceptridium biternatum,0.25,SA,
TEMPEST,2021,0,fall,S,H4,Botrychium virginianum,0.25,SA,
TEMPEST,2021,0,fall,S,H4,Sanicula canadensis,0.25,SA,
TEMPEST,2021,0,fall,S,H4,Galium circaezans,0.25,SA,
TEMPEST,2021,0,fall,S,H4,Microstegium vimineum,0.25,SA,
TEMPEST,2021,0,fall,S,H4,Mitchella repens,25,SA,
TEMPEST,2021,0,fall,S,H4,Rhus radicans,0.25,SA,
TEMPEST,2021,0,fall,S,H4,Symphyotrichum lateriflorus,0.25,SA,
TEMPEST,2021,0,fall,S,H4,Carex sp,1,SA,
TEMPEST,2021,0,fall,S,H4,Onoclea sensibilis,0.25,SA,
TEMPEST,2021,0,fall,S,H4,Allium canadense,0.25,SA,
TEMPEST,2021,0,fall,S,H4,Viola sororia,0.25,SA,
TEMPEST,2021,0,fall,S,I5,infrastructure cover,9,SA,
TEMPEST,2021,0,fall,S,I5,canopy tree basal cover,8,SA,
TEMPEST,2021,0,fall,S,I5,Acer rubrum,0.25,SA,
TEMPEST,2021,0,fall,S,I5,Lindera benzoin,0.25,SA,
TEMPEST,2021,0,fall,S,I5,Sceptridium biternatum,0.25,SA,
TEMPEST,2021,0,fall,S,I5,Botrychium virginianum,0.25,SA,
TEMPEST,2021,0,fall,S,I5,Galium circaezans,0.25,SA,
TEMPEST,2021,0,fall,S,I5,Lonicera japonica,2,SA,
TEMPEST,2021,0,fall,S,I5,Maianthemum racemosum,0.25,SA,
TEMPEST,2021,0,fall,S,I5,Mitchella repens,4,SA,
TEMPEST,2021,0,fall,S,I5,Rhus radicans,0.25,SA,
TEMPEST,2021,0,fall,S,I5,Smilex glauca,0.25,SA,
TEMPEST,2021,0,fall,S,I5,Carex sp,0.25,SA,
TEMPEST,2021,0,fall,S,I5,Onoclea sensibilis,0.25,SA,
TEMPEST,2021,0,fall,S,I5,Geum canadense,0.25,SA,
TEMPEST,2021,0,fall,S,B2,infrastructure cover,9,SA,
TEMPEST,2021,0,fall,S,B2,canopy tree basal cover,3,SA,
TEMPEST,2021,0,fall,S,B2,Acer rubrum,0.25,SA,
TEMPEST,2021,0,fall,S,B2,Carya cordiformis,0.25,SA,
TEMPEST,2021,0,fall,S,B2,Elaeagnus umbellata,0.25,SA,
TEMPEST,2021,0,fall,S,B2,Lindera benzoin,0.25,SA,
TEMPEST,2021,0,fall,S,B2,Botrychium virginianum,0.25,SA,
TEMPEST,2021,0,fall,S,B2,Sceptridium biternatum,0.25,SA,
TEMPEST,2021,0,fall,S,B2,Epifagus virginiana,0.25,SA,
TEMPEST,2021,0,fall,S,B2,Galium circaezans,1,SA,
TEMPEST,2021,0,fall,S,B2,Galium triflorum,0.25,SA,
TEMPEST,2021,0,fall,S,B2,Lonicera japonica,2,SA,
TEMPEST,2021,0,fall,S,B2,Mitchella repens,4,SA,
TEMPEST,2021,0,fall,S,B2,Rhus radicans,0.25,SA,
TEMPEST,2021,0,fall,S,B2,Symphyotrichum lateriflorus,1,SA,
TEMPEST,2021,0,fall,S,B2,Smilex glauca,0.25,SA,
TEMPEST,2021,0,fall,S,B2,Carex sp,0.25,SA,
TEMPEST,2021,0,fall,S,B2,Berberis thunbergii,3,SA,
TEMPEST,2021,0,fall,S,B2,Viola sororia,0.25,SA,
TEMPEST,2021,0,fall,S,B2,Nyssa sylvatica,0.25,SA,
TEMPEST,2021,0,fall,S,B2,Glechoma hederacea,0.25,SA,
TEMPEST,2021,0,fall,S,B2,robust grass,0.25,SA,
TEMPEST,2021,0,fall,S,B2,Bromus sp,0.25,SA,
TEMPEST,2021,0,fall,S,B2,Allium canadense,0.25,SA,
TEMPEST,2021,0,fall,S,B2,Fragaria virginiana,0.25,SA,
TEMPEST,2021,0,fall,S,C6,infrastructure cover,10,SA,
TEMPEST,2021,0,fall,S,C6,canopy tree basal cover,6,SA,
TEMPEST,2021,0,fall,S,C6,Fagus grandifolia,0.25,SA,
TEMPEST,2021,0,fall,S,C6,Elaeagnus umbellata,0.25,SA,
TEMPEST,2021,0,fall,S,C6,Ilex opaca,0.25,SA,
TEMPEST,2021,0,fall,S,C6,Lindera benzoin,0.25,SA,
TEMPEST,2021,0,fall,S,C6,Botrychium virginianum,0.25,SA,
TEMPEST,2021,0,fall,S,C6,Sceptridium biternatum,0.25,SA,
TEMPEST,2021,0,fall,S,C6,Epifagus virginiana,0.25,SA,
TEMPEST,2021,0,fall,S,C6,Galium circaezans,0.25,SA,
TEMPEST,2021,0,fall,S,C6,Galium triflorum,0.25,SA,
TEMPEST,2021,0,fall,S,C6,Lonicera japonica,1,SA,
TEMPEST,2021,0,fall,S,C6,Microstegium vimineum,0.25,SA,
TEMPEST,2021,0,fall,S,C6,Mitchella repens,25,SA,
TEMPEST,2021,0,fall,S,C6,Parthenocissus quinquefolia,0.25,SA,
TEMPEST,2021,0,fall,S,C6,Rhus radicans,0.25,SA,
TEMPEST,2021,0,fall,S,C6,Smilex glauca,0.25,SA,
TEMPEST,2021,0,fall,S,C6,Vitus sp,0.25,SA,
TEMPEST,2021,0,fall,S,C6,Viola sororia,0.25,SA,
TEMPEST,2021,0,fall,S,C6,Glechoma hederacea,0.25,SA,
TEMPEST,2021,0,fall,S,C6,Allium canadense,0.25,SA,
TEMPEST,2021,0,fall,S,C6,Maianthemum racemosum,0.25,SA,
TEMPEST,2021,0,fall,S,C6,Vaccinium pallidum,0.25,SA,
TEMPEST,2021,0,fall,S,C6,Celtis occidentalis,0.25,SA,
TEMPEST,2021,0,fall,S,C6,Polygonum virginianum,0.25,SA,
TEMPEST,2021,0,fall,S,C6,Rosa multiflora,0.5,SA,
TEMPEST,2021,0,fall,S,C6,Phryma leptostachya,0.25,SA,
TEMPEST,2021,0,fall,S,D4,infrastructure cover,10,SA,
TEMPEST,2021,0,fall,S,D4,canopy tree basal cover,0.25,SA,
TEMPEST,2021,0,fall,S,D4,Elaeagnus umbellata,0.25,SA,
TEMPEST,2021,0,fall,S,D4,Viburnum prunifolium,0.25,SA,
TEMPEST,2021,0,fall,S,D4,Botrychium virginianum,1,SA,
TEMPEST,2021,0,fall,S,D4,Sceptridium biternatum,0.25,SA,
TEMPEST,2021,0,fall,S,D4,Sanicula canadensis,0.25,SA,
TEMPEST,2021,0,fall,S,D4,Desmodium nudiflorum,0.25,SA,
TEMPEST,2021,0,fall,S,D4,Epifagus virginiana,0.25,SA,
TEMPEST,2021,0,fall,S,D4,Galium circaezans,0.25,SA,
TEMPEST,2021,0,fall,S,D4,Mitchella repens,6,SA,
TEMPEST,2021,0,fall,S,D4,Rhus radicans,0.25,SA,
TEMPEST,2021,0,fall,S,D4,Smilex glauca,0.25,SA,
TEMPEST,2021,0,fall,S,D4,Carex sp,0.25,SA,
TEMPEST,2021,0,fall,S,D4,Viola sororia,0.25,SA,
TEMPEST,2021,0,fall,S,D4,Symphyotrichum cordifolium,1,SA,
TEMPEST,2021,0,fall,S,E5,infrastructure cover,12,SA,
TEMPEST,2021,0,fall,S,E5,canopy tree basal cover,2,SA,
TEMPEST,2021,0,fall,S,E5,Carya cordiformis,0.25,SA,
TEMPEST,2021,0,fall,S,E5,Elaeagnus umbellata,0.25,SA,
TEMPEST,2021,0,fall,S,E5,Lindera benzoin,0.25,SA,
TEMPEST,2021,0,fall,S,E5,Botrychium virginianum,0.25,SA,
TEMPEST,2021,0,fall,S,E5,Sceptridium biternatum,0.25,SA,
TEMPEST,2021,0,fall,S,E5,Sanicula canadensis,0.25,SA,
TEMPEST,2021,0,fall,S,E5,Epifagus virginiana,3,SA,
TEMPEST,2021,0,fall,S,E5,Galium circaezans,0.25,SA,
TEMPEST,2021,0,fall,S,E5,Galium triflorum,0.25,SA,
TEMPEST,2021,0,fall,S,E5,Lonicera japonica,0.5,SA,
TEMPEST,2021,0,fall,S,E5,Maianthemum racemosum,0.25,SA,
TEMPEST,2021,0,fall,S,E5,Microstegium vimineum,0.25,SA,
TEMPEST,2021,0,fall,S,E5,Mitchella repens,4,SA,
TEMPEST,2021,0,fall,S,E5,Rhus radicans,0.25,SA,
TEMPEST,2021,0,fall,S,E5,Smilex glauca,0.25,SA,
TEMPEST,2021,0,fall,S,E5,Viola sororia,1,SA,
TEMPEST,2021,0,fall,S,E5,Allium canadense,1,SA,
TEMPEST,2021,0,fall,S,E5,Persicaria setacea,0.25,SA,
TEMPEST,2021,0,fall,S,F2,infrastructure cover,10,SA,
TEMPEST,2021,0,fall,S,F2,canopy tree basal cover,4,SA,
TEMPEST,2021,0,fall,S,F2,Carya cordiformis,0.25,SA,
TEMPEST,2021,0,fall,S,F2,Liriodendron tulipifera,0.25,SA,
TEMPEST,2021,0,fall,S,F2,Ilex opaca,0.25,SA,
TEMPEST,2021,0,fall,S,F2,Lindera benzoin,0.25,SA,
TEMPEST,2021,0,fall,S,F2,Sceptridium biternatum,1,SA,
TEMPEST,2021,0,fall,S,F2,Sanicula canadensis,0.25,SA,
TEMPEST,2021,0,fall,S,F2,Galium circaezans,0.25,SA,
TEMPEST,2021,0,fall,S,F2,Lonicera japonica,0.25,SA,
TEMPEST,2021,0,fall,S,F2,Microstegium vimineum,0.25,SA,
TEMPEST,2021,0,fall,S,F2,Mitchella repens,6,SA,
TEMPEST,2021,0,fall,S,F2,Rhus radicans,0.25,SA,
TEMPEST,2021,0,fall,S,F2,Smilex glauca,0.25,SA,
TEMPEST,2021,0,fall,S,F2,Carex sp,0.25,SA,
TEMPEST,2021,0,fall,S,F2,Viola sororia,1,SA,
TEMPEST,2021,0,fall,S,F2,Botrychium dissectum,0.25,SA,
TEMPEST,2021,0,fall,S,additional,Liquidambar styraciflua,0,AH,
TEMPEST,2021,0,fall,S,additional,Quercus alba,0,AH,
TEMPEST,2021,0,fall,S,additional,Celastrus orbiculatus,0,AH,
TEMPEST,2021,0,fall,S,additional,Carpinus caroliniana,0,AH,
TEMPEST,2021,0,fall,S,additional,Acer negundo,0,AH,
TEMPEST,2021,0,fall,S,additional,Asimina triloba,0,AH,
TEMPEST,2021,0,fall,S,additional,Endodeca serpentaria,0,AH,
TEMPEST,2021,0,fall,S,additional,Hedera helix,0,AH,
TEMPEST,2021,0,fall,F,C5,infrastructure cover,4,KK,
TEMPEST,2021,0,fall,F,C5,Acer rubrum,0.25,KK,
TEMPEST,2021,0,fall,F,C5,Carya cordiformis,1,KK,
TEMPEST,2021,0,fall,F,C5,Fagus grandifolia,4,KK,
TEMPEST,2021,0,fall,F,C5,Liquidambar styraciflua,0.25,KK,
TEMPEST,2021,0,fall,F,C5,Liriodendron tulipifera,0.25,KK,
TEMPEST,2021,0,fall,F,C5,Elaeagnus umbellata,0.25,KK,
TEMPEST,2021,0,fall,F,C5,Onoclea sensibilis,0.25,KK,
TEMPEST,2021,0,fall,F,C5,Sceptridium biternatum,0.25,KK,
TEMPEST,2021,0,fall,F,C5,Sanicula canadensis,0.25,KK,
TEMPEST,2021,0,fall,F,C5,Desmodium nudiflorum,0.25,KK,
TEMPEST,2021,0,fall,F,C5,Galium circaezans,0.25,KK,
TEMPEST,2021,0,fall,F,C5,Galium triflorum,0.25,KK,
TEMPEST,2021,0,fall,F,C5,Lonicera japonica,0.25,KK,
TEMPEST,2021,0,fall,F,C5,Maianthemum racemosum,0.25,KK,
TEMPEST,2021,0,fall,F,C5,Microstegium vimineum,0.25,KK,
TEMPEST,2021,0,fall,F,C5,Mitchella repens,35,KK,
TEMPEST,2021,0,fall,F,C5,Parthenocissus quinquefolia,0.25,KK,
TEMPEST,2021,0,fall,F,C5,Rhus radicans,0.25,KK,
TEMPEST,2021,0,fall,F,C5,Smilex glauca,1,KK,
TEMPEST,2021,0,fall,F,C5,Carex sp,0.25,KK,
TEMPEST,2021,0,fall,F,C5,Viola sororia,0.25,KK,
TEMPEST,2021,0,fall,F,C5,Bromus sp,1,KK,
TEMPEST,2021,0,fall,F,C5,Smilex bona-nox,0.25,KK,
TEMPEST,2021,0,fall,F,C5,Allium canadense,1,KK,
TEMPEST,2021,0,fall,F,C5,Cornus florida,0.25,KK,
TEMPEST,2021,0,fall,F,C5,Botrychium virginianum,0.25,KK,
TEMPEST,2021,0,fall,F,C7,infrastructure cover,8,KK,
TEMPEST,2021,0,fall,F,C7,canopy tree basal cover,0.5,KK,
TEMPEST,2021,0,fall,F,C7,Acer rubrum,0.25,KK,
TEMPEST,2021,0,fall,F,C7,Fagus grandifolia,0.25,KK,
TEMPEST,2021,0,fall,F,C7,Sceptridium biternatum,0.25,KK,
TEMPEST,2021,0,fall,F,C7,Sanicula canadensis,0.25,KK,
TEMPEST,2021,0,fall,F,C7,Epifagus virginiana,0.25,KK,
TEMPEST,2021,0,fall,F,C7,Galium circaezans,0.25,KK,
TEMPEST,2021,0,fall,F,C7,Galium triflorum,0.25,KK,
TEMPEST,2021,0,fall,F,C7,Lonicera japonica,2,KK,
TEMPEST,2021,0,fall,F,C7,Maianthemum racemosum,0.25,KK,
TEMPEST,2021,0,fall,F,C7,Mitchella repens,3,KK,
TEMPEST,2021,0,fall,F,C7,Parthenocissus quinquefolia,0.25,KK,
TEMPEST,2021,0,fall,F,C7,Rhus radicans,0.25,KK,
TEMPEST,2021,0,fall,F,C7,Smilex glauca,0.25,KK,
TEMPEST,2021,0,fall,F,C7,Viola sororia,0.25,KK,
TEMPEST,2021,0,fall,F,C7,Allium canadense,0.25,KK,
TEMPEST,2021,0,fall,F,C7,Nyssa sylvatica,0.25,KK,
TEMPEST,2021,0,fall,F,C7,Prunus serotina,0.25,KK,
TEMPEST,2021,0,fall,F,C7,Acer negundo,0.25,KK,
TEMPEST,2021,0,fall,F,C7,Carpinus caroliniana,0.25,KK,
TEMPEST,2021,0,fall,F,C7,Botrychium virginianum,0.25,KK,
TEMPEST,2021,0,fall,F,D2,infrastructure cover,4,KK,
TEMPEST,2021,0,fall,F,D2,canopy tree basal cover,3,KK,
TEMPEST,2021,0,fall,F,D2,Acer rubrum,0.25,KK,
TEMPEST,2021,0,fall,F,D2,Carya cordiformis,2,KK,
TEMPEST,2021,0,fall,F,D2,Fagus grandifolia,8,KK,
TEMPEST,2021,0,fall,F,D2,Liquidambar styraciflua,0.25,KK,
TEMPEST,2021,0,fall,F,D2,Quercus falcata,0.25,KK,
TEMPEST,2021,0,fall,F,D2,Lindera benzoin,0.25,KK,
TEMPEST,2021,0,fall,F,D2,Viburnum prunifolium,0.25,KK,
TEMPEST,2021,0,fall,F,D2,Sceptridium biternatum,1,KK,
TEMPEST,2021,0,fall,F,D2,Sanicula canadensis,0.25,KK,
TEMPEST,2021,0,fall,F,D2,Epifagus virginiana,0.25,KK,
TEMPEST,2021,0,fall,F,D2,Galium circaezans,0.25,KK,
TEMPEST,2021,0,fall,F,D2,Galium triflorum,0.25,KK,
TEMPEST,2021,0,fall,F,D2,Lonicera japonica,5,KK,
TEMPEST,2021,0,fall,F,D2,Maianthemum racemosum,1,KK,
TEMPEST,2021,0,fall,F,D2,Microstegium vimineum,8,KK,
TEMPEST,2021,0,fall,F,D2,Mitchella repens,55,KK,
TEMPEST,2021,0,fall,F,D2,Parthenocissus quinquefolia,0.25,KK,
TEMPEST,2021,0,fall,F,D2,Rhus radicans,0.25,KK,
TEMPEST,2021,0,fall,F,D2,Smilex glauca,0.25,KK,
TEMPEST,2021,0,fall,F,D2,Bromus sp,6,KK,
TEMPEST,2021,0,fall,F,D2,Prunus serotina,0.25,KK,
TEMPEST,2021,0,fall,F,D2,Acer negundo,0.25,KK,
TEMPEST,2021,0,fall,F,D2,Carpinus caroliniana,0.5,KK,
TEMPEST,2021,0,fall,F,D2,Rosa multiflora,3,KK,
TEMPEST,2021,0,fall,F,D2,Alnus rubra,0.25,KK,
TEMPEST,2021,0,fall,F,D2,Asimina triloba,0.25,KK,
TEMPEST,2021,0,fall,F,D2,bare ground,30,KK,
TEMPEST,2021,0,fall,F,D2,Botrychium virginianum,0.5,KK,
TEMPEST,2021,0,fall,F,D2,Botrychium dissectum,0.5,KK,
TEMPEST,2021,0,fall,F,F4,infrastructure cover,17,KK,
TEMPEST,2021,0,fall,F,F4,Acer rubrum,0.25,KK,
TEMPEST,2021,0,fall,F,F4,Carya cordiformis,6,KK,
TEMPEST,2021,0,fall,F,F4,Fagus grandifolia,6,KK,
TEMPEST,2021,0,fall,F,F4,Liquidambar styraciflua,2,KK,
TEMPEST,2021,0,fall,F,F4,Liriodendron tulipifera,0.25,KK,
TEMPEST,2021,0,fall,F,F4,Quercus velutina,0.25,KK,
TEMPEST,2021,0,fall,F,F4,Ilex opaca,1,KK,
TEMPEST,2021,0,fall,F,F4,Lindera benzoin,2,KK,
TEMPEST,2021,0,fall,F,F4,Viburnum prunifolium,0.25,KK,
TEMPEST,2021,0,fall,F,F4,Onoclea sensibilis,0.25,KK,
TEMPEST,2021,0,fall,F,F4,Sceptridium biternatum,0.25,KK,
TEMPEST,2021,0,fall,F,F4,Desmodium nudiflorum,0.5,KK,
TEMPEST,2021,0,fall,F,F4,Dioscorea villosa,0.25,KK,
TEMPEST,2021,0,fall,F,F4,Galium circaezans,0.25,KK,
TEMPEST,2021,0,fall,F,F4,Galium triflorum,0.25,KK,
TEMPEST,2021,0,fall,F,F4,Lonicera japonica,1,KK,
TEMPEST,2021,0,fall,F,F4,Maianthemum racemosum,0.25,KK,
TEMPEST,2021,0,fall,F,F4,Microstegium vimineum,20,KK,
TEMPEST,2021,0,fall,F,F4,Mitchella repens,55,KK,
TEMPEST,2021,0,fall,F,F4,Parthenocissus quinquefolia,0.25,KK,
TEMPEST,2021,0,fall,F,F4,Rhus radicans,0.25,KK,
TEMPEST,2021,0,fall,F,F4,Smilex glauca,0.25,KK,
TEMPEST,2021,0,fall,F,F4,Vitus sp,0.25,KK,
TEMPEST,2021,0,fall,F,F4,Carex sp,0.25,KK,
TEMPEST,2021,0,fall,F,F4,Viola sororia,1,KK,
TEMPEST,2021,0,fall,F,F4,Bromus sp,1,KK,
TEMPEST,2021,0,fall,F,F4,Carpinus caroliniana,5,KK,
TEMPEST,2021,0,fall,F,F4,Rosa multiflora,6,KK,
TEMPEST,2021,0,fall,F,F4,Rubus phoenicolasius,8,KK,
TEMPEST,2021,0,fall,F,F4,robust grass,0.25,KK,
TEMPEST,2021,0,fall,F,F4,Fragaria virginiana,0.5,KK,
TEMPEST,2021,0,fall,F,F4,Prunus serotina,0.25,KK,
TEMPEST,2021,0,fall,F,F4,wildcard plant,0.25,KK,
TEMPEST,2021,0,fall,F,F4,Poa pratensis,0.25,KK,
TEMPEST,2021,0,fall,F,F4,Polygonum virginianum,1,KK,
TEMPEST,2021,0,fall,F,B4,infrastructure cover,5,RB,
TEMPEST,2021,0,fall,F,B4,canopy tree basal cover,2,RB,
TEMPEST,2021,0,fall,F,B4,Acer rubrum,0.25,RB,
TEMPEST,2021,0,fall,F,B4,Carya cordiformis,0.25,RB,
TEMPEST,2021,0,fall,F,B4,Fagus grandifolia,0.25,RB,
TEMPEST,2021,0,fall,F,B4,Ilex opaca,0.25,RB,
TEMPEST,2021,0,fall,F,B4,Lindera benzoin,0.25,RB,
TEMPEST,2021,0,fall,F,B4,Botrychium virginianum,0.25,RB,
TEMPEST,2021,0,fall,F,B4,Sceptridium biternatum,0.25,RB,
TEMPEST,2021,0,fall,F,B4,Sanicula canadensis,0.25,RB,
TEMPEST,2021,0,fall,F,B4,Galium circaezans,0.25,RB,
TEMPEST,2021,0,fall,F,B4,Galium triflorum,0.25,RB,
TEMPEST,2021,0,fall,F,B4,Lonicera japonica,0.25,RB,
TEMPEST,2021,0,fall,F,B4,Mitchella repens,6,RB,
TEMPEST,2021,0,fall,F,B4,Parthenocissus quinquefolia,0.25,RB,
TEMPEST,2021,0,fall,F,B4,Rhus radicans,0.25,RB,
TEMPEST,2021,0,fall,F,B4,Symphyotrichum lateriflorus,0.25,RB,
TEMPEST,2021,0,fall,F,B4,Smilex glauca,0.25,RB,
TEMPEST,2021,0,fall,F,B4,Smilex rotundifolia,0.25,RB,
TEMPEST,2021,0,fall,F,B4,Tipularia discolor,0.25,RB,
TEMPEST,2021,0,fall,F,B4,Vitus sp,0.25,RB,
TEMPEST,2021,0,fall,F,B4,Asimina triloba,0.25,RB,
TEMPEST,2021,0,fall,F,B4,Carex sp,0.25,RB,
TEMPEST,2021,0,fall,F,B4,Viola sororia,0.25,RB,
TEMPEST,2021,0,fall,F,B4,Nyssa sylvatica,0.25,RB,
TEMPEST,2021,0,fall,F,B4,Botrychium dissectum,0.25,RB,
TEMPEST,2021,0,fall,F,E7,infrastructure cover,10,RB,
TEMPEST,2021,0,fall,F,E7,Acer rubrum,0.25,RB,
TEMPEST,2021,0,fall,F,E7,Carya cordiformis,0.5,RB,
TEMPEST,2021,0,fall,F,E7,Carya tomentosa,0.25,RB,
TEMPEST,2021,0,fall,F,E7,Fagus grandifolia,4,RB,
TEMPEST,2021,0,fall,F,E7,Liriodendron tulipifera,0.25,RB,
TEMPEST,2021,0,fall,F,E7,Quercus velutina,0.25,RB,
TEMPEST,2021,0,fall,F,E7,Elaeagnus umbellata,0.25,RB,
TEMPEST,2021,0,fall,F,E7,Lindera benzoin,0.25,RB,
TEMPEST,2021,0,fall,F,E7,Botrychium virginianum,0.25,RB,
TEMPEST,2021,0,fall,F,E7,Sceptridium biternatum,0.25,RB,
TEMPEST,2021,0,fall,F,E7,Sanicula canadensis,0.25,RB,
TEMPEST,2021,0,fall,F,E7,Desmodium nudiflorum,0.25,RB,
TEMPEST,2021,0,fall,F,E7,Galium triflorum,0.25,RB,
TEMPEST,2021,0,fall,F,E7,Lonicera japonica,0.25,RB,
TEMPEST,2021,0,fall,F,E7,Maianthemum racemosum,0.25,RB,
TEMPEST,2021,0,fall,F,E7,Mitchella repens,4,RB,
TEMPEST,2021,0,fall,F,E7,Parthenocissus quinquefolia,0.25,RB,
TEMPEST,2021,0,fall,F,E7,Rhus radicans,0.25,RB,
TEMPEST,2021,0,fall,F,E7,Tipularia discolor,0.25,RB,
TEMPEST,2021,0,fall,F,E7,Vitus sp,0.25,RB,
TEMPEST,2021,0,fall,F,G5,infrastructure cover,5,RB,
TEMPEST,2021,0,fall,F,G5,Acer rubrum,0.25,RB,
TEMPEST,2021,0,fall,F,G5,Carya cordiformis,0.5,RB,
TEMPEST,2021,0,fall,F,G5,Carya tomentosa,0.5,RB,
TEMPEST,2021,0,fall,F,G5,Fagus grandifolia,8,RB,
TEMPEST,2021,0,fall,F,G5,Liquidambar styraciflua,0.5,RB,
TEMPEST,2021,0,fall,F,G5,Liriodendron tulipifera,0.25,RB,
TEMPEST,2021,0,fall,F,G5,Quercus velutina,0.25,RB,
TEMPEST,2021,0,fall,F,G5,Elaeagnus umbellata,0.25,RB,
TEMPEST,2021,0,fall,F,G5,Lindera benzoin,0.25,RB,
TEMPEST,2021,0,fall,F,G5,Polystichum acrostichoides,2,RB,
TEMPEST,2021,0,fall,F,G5,Galium circaezans,0.25,RB,
TEMPEST,2021,0,fall,F,G5,Galium triflorum,0.25,RB,
TEMPEST,2021,0,fall,F,G5,Lonicera japonica,0.5,RB,
TEMPEST,2021,0,fall,F,G5,Maianthemum racemosum,0.25,RB,
TEMPEST,2021,0,fall,F,G5,Microstegium vimineum,12,RB,
TEMPEST,2021,0,fall,F,G5,Mitchella repens,40,RB,
TEMPEST,2021,0,fall,F,G5,Parthenocissus quinquefolia,0.25,RB,
TEMPEST,2021,0,fall,F,G5,Rhus radicans,0.25,RB,
TEMPEST,2021,0,fall,F,G5,Vitus sp,0.25,RB,
TEMPEST,2021,0,fall,F,G5,Carex sp,0.25,RB,
TEMPEST,2021,0,fall,F,G5,Rubus phoenicolasius,3,RB,
TEMPEST,2021,0,fall,F,G5,Fragaria virginiana,0.25,RB,
TEMPEST,2021,0,fall,F,G5,Geum canadense,0.25,RB,
TEMPEST,2021,0,fall,F,G5,Carpinus caroliniana,2,RB,
TEMPEST,2021,0,fall,F,G5,Botrychium dissectum,0.25,RB,
TEMPEST,2021,0,fall,F,I7,infrastructure cover,5,RB,
TEMPEST,2021,0,fall,F,I7,canopy tree basal cover,4,RB,
TEMPEST,2021,0,fall,F,I7,Carya cordiformis,0.25,RB,
TEMPEST,2021,0,fall,F,I7,Fagus grandifolia,0.5,RB,
TEMPEST,2021,0,fall,F,I7,Elaeagnus umbellata,0.5,RB,
TEMPEST,2021,0,fall,F,I7,Lindera benzoin,0.25,RB,
TEMPEST,2021,0,fall,F,I7,Botrychium virginianum,0.25,RB,
TEMPEST,2021,0,fall,F,I7,Sanicula canadensis,0.25,RB,
TEMPEST,2021,0,fall,F,I7,Galium triflorum,0.5,RB,
TEMPEST,2021,0,fall,F,I7,Lonicera japonica,0.5,RB,
TEMPEST,2021,0,fall,F,I7,Microstegium vimineum,0.25,RB,
TEMPEST,2021,0,fall,F,I7,Mitchella repens,6,RB,
TEMPEST,2021,0,fall,F,I7,Symphyotrichum lateriflorus,0.25,RB,
TEMPEST,2021,0,fall,F,I7,Vitus sp,0.25,RB,
TEMPEST,2021,0,fall,F,I7,Viola sororia,0.25,RB,
TEMPEST,2021,0,fall,F,I7,Rubus phoenicolasius,0.5,RB,
TEMPEST,2021,0,fall,F,I7,Carpinus caroliniana,0.5,RB,
TEMPEST,2021,0,fall,F,I7,Polygonum virginianum,0.25,RB,
TEMPEST,2021,0,fall,F,I7,Persicaria setacea,0.25,RB,
TEMPEST,2021,0,fall,F,I7,Botrychium dissectum,0.25,RB,
TEMPEST,2021,0,fall,F,D4,infrastructure cover,9,SA,
TEMPEST,2021,0,fall,F,D4,canopy tree basal cover,1,SA,
TEMPEST,2021,0,fall,F,D4,Acer rubrum,0.25,SA,
TEMPEST,2021,0,fall,F,D4,Fagus grandifolia,3,SA,
TEMPEST,2021,0,fall,F,D4,Liquidambar styraciflua,0.25,SA,
TEMPEST,2021,0,fall,F,D4,Liriodendron tulipifera,0.25,SA,
TEMPEST,2021,0,fall,F,D4,Elaeagnus umbellata,0.25,SA,
TEMPEST,2021,0,fall,F,D4,Ilex opaca,0.25,SA,
TEMPEST,2021,0,fall,F,D4,Lindera benzoin,1,SA,
TEMPEST,2021,0,fall,F,D4,Sceptridium biternatum,0.25,SA,
TEMPEST,2021,0,fall,F,D4,Botrychium virginianum,1,SA,
TEMPEST,2021,0,fall,F,D4,Sanicula canadensis,0.25,SA,
TEMPEST,2021,0,fall,F,D4,Galium circaezans,1,SA,
TEMPEST,2021,0,fall,F,D4,Lonicera japonica,1,SA,
TEMPEST,2021,0,fall,F,D4,Mitchella repens,55,SA,
TEMPEST,2021,0,fall,F,D4,Smilex glauca,0.25,SA,
TEMPEST,2021,0,fall,F,D4,Vitus sp,0.25,SA,
TEMPEST,2021,0,fall,F,D4,Geum canadense,0.25,SA,
TEMPEST,2021,0,fall,F,D4,Tipularia discolor,0.25,SA,
TEMPEST,2021,0,fall,F,D4,Carex sp,0.25,SA,
TEMPEST,2021,0,fall,F,D4,Rubus occidentalis,0.25,SA,
TEMPEST,2021,0,fall,F,D4,Viola sororia,0.25,SA,
TEMPEST,2021,0,fall,F,D4,Onoclea sensibilis,0.25,SA,
TEMPEST,2021,0,fall,F,D4,Phryma leptostachya,0.25,SA,
TEMPEST,2021,0,fall,F,D4,Bromus sp,0.5,SA,
TEMPEST,2021,0,fall,F,F2,infrastructure cover,7,SA,
TEMPEST,2021,0,fall,F,F2,canopy tree basal cover,5,SA,
TEMPEST,2021,0,fall,F,F2,Carya cordiformis,2,SA,
TEMPEST,2021,0,fall,F,F2,Fagus grandifolia,2,SA,
TEMPEST,2021,0,fall,F,F2,Liquidambar styraciflua,8,SA,
TEMPEST,2021,0,fall,F,F2,Liriodendron tulipifera,0.25,SA,
TEMPEST,2021,0,fall,F,F2,Quercus falcata,2,SA,
TEMPEST,2021,0,fall,F,F2,Elaeagnus umbellata,0.25,SA,
TEMPEST,2021,0,fall,F,F2,Ilex opaca,2,SA,
TEMPEST,2021,0,fall,F,F2,Lindera benzoin,0.25,SA,
TEMPEST,2021,0,fall,F,F2,Sceptridium biternatum,0.25,SA,
TEMPEST,2021,0,fall,F,F2,Lonicera japonica,20,SA,
TEMPEST,2021,0,fall,F,F2,Maianthemum racemosum,0.25,SA,
TEMPEST,2021,0,fall,F,F2,Microstegium vimineum,60,SA,
TEMPEST,2021,0,fall,F,F2,Mitchella repens,95,SA,
TEMPEST,2021,0,fall,F,F2,Parthenocissus quinquefolia,0.25,SA,
TEMPEST,2021,0,fall,F,F2,Rhus radicans,0.25,SA,
TEMPEST,2021,0,fall,F,F2,Symphyotrichum lateriflorus,0.25,SA,
TEMPEST,2021,0,fall,F,F2,Smilex glauca,0.25,SA,
TEMPEST,2021,0,fall,F,F2,Vitus sp,0.25,SA,
TEMPEST,2021,0,fall,F,F2,Carex sp,0.25,SA,
TEMPEST,2021,0,fall,F,F2,Rosa multiflora,0.25,SA,
TEMPEST,2021,0,fall,F,F2,bare ground,8,SA,
TEMPEST,2021,0,fall,F,F2,robust grass,3,SA,
TEMPEST,2021,0,fall,F,F2,Ulmus rubra,0.25,SA,
TEMPEST,2021,0,fall,F,F2,Botrychium dissectum,0.25,SA,
TEMPEST,2021,0,fall,F,H2,infrastructure cover,9,SA,
TEMPEST,2021,0,fall,F,H2,canopy tree basal cover,3,SA,
TEMPEST,2021,0,fall,F,H2,Carya cordiformis,1,SA,
TEMPEST,2021,0,fall,F,H2,Carya tomentosa,0.25,SA,
TEMPEST,2021,0,fall,F,H2,Fagus grandifolia,10,SA,
TEMPEST,2021,0,fall,F,H2,Liquidambar styraciflua,2,SA,
TEMPEST,2021,0,fall,F,H2,Ilex opaca,4,SA,
TEMPEST,2021,0,fall,F,H2,Lindera benzoin,3,SA,
TEMPEST,2021,0,fall,F,H2,Sceptridium biternatum,0.25,SA,
TEMPEST,2021,0,fall,F,H2,Galium circaezans,0.25,SA,
TEMPEST,2021,0,fall,F,H2,Lonicera japonica,20,SA,
TEMPEST,2021,0,fall,F,H2,Microstegium vimineum,3,SA,
TEMPEST,2021,0,fall,F,H2,Mitchella repens,90,SA,
TEMPEST,2021,0,fall,F,H2,Rhus radicans,0.25,SA,
TEMPEST,2021,0,fall,F,H2,Symphyotrichum lateriflorus,0.25,SA,
TEMPEST,2021,0,fall,F,H2,Smilex glauca,0.25,SA,
TEMPEST,2021,0,fall,F,H2,Vitus sp,0.25,SA,
TEMPEST,2021,0,fall,F,H2,Phryma leptostachya,0.25,SA,
TEMPEST,2021,0,fall,F,H2,Rosa multiflora,25,SA,
TEMPEST,2021,0,fall,F,H2,Rubus phoenicolasius,25,SA,
TEMPEST,2021,0,fall,F,H2,Fragaria virginiana,0.25,SA,
TEMPEST,2021,0,fall,F,H2,Elaeagnus umbellata,2,SA,
TEMPEST,2021,0,fall,F,H2,Circaea canadensis,0.25,SA,
TEMPEST,2021,0,fall,F,H4,infrastructure cover,5,SA,
TEMPEST,2021,0,fall,F,H4,canopy tree basal cover,3,SA,
TEMPEST,2021,0,fall,F,H4,Acer rubrum,0.25,SA,
TEMPEST,2021,0,fall,F,H4,Fagus grandifolia,1,SA,
TEMPEST,2021,0,fall,F,H4,Quercus falcata,0.25,SA,
TEMPEST,2021,0,fall,F,H4,Ilex opaca,0.25,SA,
TEMPEST,2021,0,fall,F,H4,Lindera benzoin,0.25,SA,
TEMPEST,2021,0,fall,F,H4,Sceptridium biternatum,0.25,SA,
TEMPEST,2021,0,fall,F,H4,Sanicula canadensis,0.25,SA,
TEMPEST,2021,0,fall,F,H4,Galium circaezans,0.25,SA,
TEMPEST,2021,0,fall,F,H4,Galium triflorum,0.25,SA,
TEMPEST,2021,0,fall,F,H4,Lonicera japonica,1,SA,
TEMPEST,2021,0,fall,F,H4,Microstegium vimineum,6,SA,
TEMPEST,2021,0,fall,F,H4,Mitchella repens,25,SA,
TEMPEST,2021,0,fall,F,H4,Parthenocissus quinquefolia,0.25,SA,
TEMPEST,2021,0,fall,F,H4,Rhus radicans,0.25,SA,
TEMPEST,2021,0,fall,F,H4,Symphyotrichum lateriflorus,0.25,SA,
TEMPEST,2021,0,fall,F,H4,Smilex glauca,0.25,SA,
TEMPEST,2021,0,fall,F,H4,Vitus sp,0.25,SA,
TEMPEST,2021,0,fall,F,H4,Geum canadense,0.25,SA,
TEMPEST,2021,0,fall,F,H4,Carex sp,0.25,SA,
TEMPEST,2021,0,fall,F,H4,Onoclea sensibilis,0.25,SA,
TEMPEST,2021,0,fall,F,H4,Phryma leptostachya,0.25,SA,
TEMPEST,2021,0,fall,F,H4,Bromus sp,1,SA,
TEMPEST,2021,0,fall,F,H4,Symphyotrichum cordifolium,0.25,SA,
TEMPEST,2021,0,fall,F,H4,Persicaria setacea,0.25,SA,
TEMPEST,2021,0,fall,F,H4,Juniperus virginiana,0.25,SA,
TEMPEST,2021,0,fall,F,H4,Potentilla simplex,0.25,SA,
TEMPEST,2021,0,fall,F,B2,infrastructure cover,5,AY,
TEMPEST,2021,0,fall,F,B2,canopy tree basal cover,0.25,AY,
TEMPEST,2021,0,fall,F,B2,Carya cordiformis,0.25,AY,
TEMPEST,2021,0,fall,F,B2,Carya tomentosa,0.25,AY,
TEMPEST,2021,0,fall,F,B2,Fagus grandifolia,8,AY,
TEMPEST,2021,0,fall,F,B2,Liquidambar styraciflua,0.25,AY,
TEMPEST,2021,0,fall,F,B2,Quercus velutina,0.25,AY,
TEMPEST,2021,0,fall,F,B2,Elaeagnus umbellata,0.25,AY,
TEMPEST,2021,0,fall,F,B2,Ilex opaca,0.5,AY,
TEMPEST,2021,0,fall,F,B2,Lindera benzoin,0.25,AY,
TEMPEST,2021,0,fall,F,B2,Botrychium virginianum,0.25,AY,
TEMPEST,2021,0,fall,F,B2,Onoclea sensibilis,0.25,AY,
TEMPEST,2021,0,fall,F,B2,Sceptridium biternatum,0.25,AY,
TEMPEST,2021,0,fall,F,B2,Botrychium dissectum,0.25,AY,
TEMPEST,2021,0,fall,F,B2,Dioscorea villosa,0.25,AY,
TEMPEST,2021,0,fall,F,B2,Galium circaezans,0.25,AY,
TEMPEST,2021,0,fall,F,B2,Galium triflorum,0.25,AY,
TEMPEST,2021,0,fall,F,B2,Lonicera japonica,6,AY,
TEMPEST,2021,0,fall,F,B2,Maianthemum racemosum,0.25,AY,
TEMPEST,2021,0,fall,F,B2,Microstegium vimineum,4,AY,
TEMPEST,2021,0,fall,F,B2,Mitchella repens,50,AY,
TEMPEST,2021,0,fall,F,B2,Parthenocissus quinquefolia,0.25,AY,
TEMPEST,2021,0,fall,F,B2,Rhus radicans,0.25,AY,
TEMPEST,2021,0,fall,F,B2,Smilex glauca,0.25,AY,
TEMPEST,2021,0,fall,F,B2,Bromus sp,0.25,AY,
TEMPEST,2021,0,fall,F,B2,Nyssa sylvatica,0.25,AY,
TEMPEST,2021,0,fall,F,B2,Carex sp,0.25,AY,
TEMPEST,2021,0,fall,F,E5,infrastructure cover,15,AY,
TEMPEST,2021,0,fall,F,E5,canopy tree basal cover,0.25,AY,
TEMPEST,2021,0,fall,F,E5,Acer rubrum,0.25,AY,
TEMPEST,2021,0,fall,F,E5,Carya cordiformis,0.25,AY,
TEMPEST,2021,0,fall,F,E5,Fagus grandifolia,0.25,AY,
TEMPEST,2021,0,fall,F,E5,Liriodendron tulipifera,0.25,AY,
TEMPEST,2021,0,fall,F,E5,Quercus velutina,0.25,AY,
TEMPEST,2021,0,fall,F,E5,Elaeagnus umbellata,0.25,AY,
TEMPEST,2021,0,fall,F,E5,Ilex opaca,0.5,AY,
TEMPEST,2021,0,fall,F,E5,Lindera benzoin,0.25,AY,
TEMPEST,2021,0,fall,F,E5,Botrychium virginianum,0.25,AY,
TEMPEST,2021,0,fall,F,E5,Onoclea sensibilis,0.25,AY,
TEMPEST,2021,0,fall,F,E5,Sceptridium biternatum,0.25,AY,
TEMPEST,2021,0,fall,F,E5,Sanicula canadensis,0.5,AY,
TEMPEST,2021,0,fall,F,E5,Desmodium nudiflorum,0.25,AY,
TEMPEST,2021,0,fall,F,E5,Galium circaezans,0.25,AY,
TEMPEST,2021,0,fall,F,E5,Galium triflorum,0.25,AY,
TEMPEST,2021,0,fall,F,E5,Lonicera japonica,2,AY,
TEMPEST,2021,0,fall,F,E5,Microstegium vimineum,0.5,AY,
TEMPEST,2021,0,fall,F,E5,Mitchella repens,55,AY,
TEMPEST,2021,0,fall,F,E5,Parthenocissus quinquefolia,0.25,AY,
TEMPEST,2021,0,fall,F,E5,Rhus radicans,0.25,AY,
TEMPEST,2021,0,fall,F,E5,Smilex glauca,0.25,AY,
TEMPEST,2021,0,fall,F,E5,Bromus sp,0.5,AY,
TEMPEST,2021,0,fall,F,E5,Nyssa sylvatica,0.25,AY,
TEMPEST,2021,0,fall,F,E5,Carex sp,0.25,AY,
TEMPEST,2021,0,fall,F,E5,Rubus phoenicolasius,5,AY,
TEMPEST,2021,0,fall,F,E5,Carpinus caroliniana,0.25,AY,
TEMPEST,2021,0,fall,F,E5,Fragaria virginiana,0.5,AY,
TEMPEST,2021,0,fall,F,E5,Viola sororia,0.25,AY,
TEMPEST,2021,0,fall,F,E5,Polygonum virginianum,0.25,AY,
TEMPEST,2021,0,fall,F,E5,Ligustrum obtusifolium,0.25,AY,
TEMPEST,2021,0,fall,F,E5,Lonicera mackii,0.25,AY,
TEMPEST,2021,0,fall,F,G7,infrastructure cover,5,AY,
TEMPEST,2021,0,fall,F,G7,canopy tree basal cover,0.5,AY,
TEMPEST,2021,0,fall,F,G7,Acer rubrum,0.25,AY,
TEMPEST,2021,0,fall,F,G7,Carya cordiformis,0.25,AY,
TEMPEST,2021,0,fall,F,G7,Fagus grandifolia,3,AY,
TEMPEST,2021,0,fall,F,G7,Liriodendron tulipifera,0.25,AY,
TEMPEST,2021,0,fall,F,G7,Ilex opaca,0.25,AY,
TEMPEST,2021,0,fall,F,G7,Lindera benzoin,0.25,AY,
TEMPEST,2021,0,fall,F,G7,Botrychium virginianum,0.5,AY,
TEMPEST,2021,0,fall,F,G7,Sceptridium biternatum,0.25,AY,
TEMPEST,2021,0,fall,F,G7,Sanicula canadensis,0.25,AY,
TEMPEST,2021,0,fall,F,G7,Galium circaezans,0.25,AY,
TEMPEST,2021,0,fall,F,G7,Galium triflorum,0.5,AY,
TEMPEST,2021,0,fall,F,G7,Lonicera japonica,1,AY,
TEMPEST,2021,0,fall,F,G7,Mitchella repens,30,AY,
TEMPEST,2021,0,fall,F,G7,Rhus radicans,0.25,AY,
TEMPEST,2021,0,fall,F,G7,Smilex glauca,0.25,AY,
TEMPEST,2021,0,fall,F,G7,Smilex rotundifolia,0.5,AY,
TEMPEST,2021,0,fall,F,G7,Vitus sp,0.25,AY,
TEMPEST,2021,0,fall,F,G7,Nyssa sylvatica,0.25,AY,
TEMPEST,2021,0,fall,F,G7,Carex sp,0.5,AY,
TEMPEST,2021,0,fall,F,I5,infrastructure cover,10,AY,
TEMPEST,2021,0,fall,F,I5,canopy tree basal cover,1,AY,
TEMPEST,2021,0,fall,F,I5,Acer rubrum,0.25,AY,
TEMPEST,2021,0,fall,F,I5,Fagus grandifolia,0.5,AY,
TEMPEST,2021,0,fall,F,I5,Elaeagnus umbellata,0.25,AY,
TEMPEST,2021,0,fall,F,I5,Lindera benzoin,0.25,AY,
TEMPEST,2021,0,fall,F,I5,Sceptridium biternatum,0.25,AY,
TEMPEST,2021,0,fall,F,I5,Sanicula canadensis,0.25,AY,
TEMPEST,2021,0,fall,F,I5,Desmodium nudiflorum,0.25,AY,
TEMPEST,2021,0,fall,F,I5,Dioscorea villosa,0.25,AY,
TEMPEST,2021,0,fall,F,I5,Galium circaezans,0.25,AY,
TEMPEST,2021,0,fall,F,I5,Lonicera japonica,0.5,AY,
TEMPEST,2021,0,fall,F,I5,Microstegium vimineum,0.25,AY,
TEMPEST,2021,0,fall,F,I5,Mitchella repens,70,AY,
TEMPEST,2021,0,fall,F,I5,Rhus radicans,0.5,AY,
TEMPEST,2021,0,fall,F,I5,Smilex glauca,0.25,AY,
TEMPEST,2021,0,fall,F,I5,Smilex rotundifolia,0.25,AY,
TEMPEST,2021,0,fall,F,I5,Bromus sp,0.25,AY,
TEMPEST,2021,0,fall,F,I5,Nyssa sylvatica,0.25,AY,
TEMPEST,2021,0,fall,F,I5,Fragaria virginiana,0.25,AY,
TEMPEST,2021,0,fall,F,I5,Lonicera mackii,0.25,AY,
TEMPEST,2021,0,fall,F,I5,Hedera helix,0.25,AY,
TEMPEST,2021,0,fall,F,I5,Prunus serotina,0.25,AY,
TEMPEST,2021,0,fall,F,I5,Tilia americana,0.25,AY,
TEMPEST,2021,0,fall,F,additional,Rubus allegheniensis,0,AY,
TEMPEST,2021,0,fall,F,additional,Polystichum acrostichoides,0,AY,
TEMPEST,2021,0,fall,F,additional,Quercus alba,0,AY,
TEMPEST,2021,0,fall,F,additional,Celastrus orbiculatus,0,AY,
TEMPEST,2021,0,fall,F,additional,Solidago curtisii,0,AY,
TEMPEST,2021,0,fall,F,additional,Celtis occidentalis,0,AY,
TEMPEST,2021,0,fall,F,additional,Vaccinium pallidum,0,AY,
TEMPEST,2021,0,fall,F,additional,Viburnum acerifolium,0,AY,
